month,biomasa_mt,log_biomasa,fuente,mes,anio,month_sin,month_cos,log_seasonal_mean,log_seasonal_std,z_score,log_biomasa_lag1,log_biomasa_lag2,log_biomasa_lag3,delta_log,post_2011
2000-03,0.0645931335260319,-2.7396471505281608,mendeley,3,2000,1.0,6.123233995736766e-17,-1.8917288103506313,2.6235890644746105,-0.3231902250466691,,,,,0
2000-04,0.0187476964316878,-3.976684337750019,mendeley,4,2000,0.8660254037844387,-0.4999999999999998,-1.7304673817582232,2.799039638942793,-0.8024955862505041,-2.7396471505281608,,,-1.2370371872218584,0
2000-05,0.0431516249809181,-3.1430351801019767,mendeley,5,2000,0.49999999999999994,-0.8660254037844387,-1.2776179839026194,2.7397461704542265,-0.680872270692904,-3.976684337750019,-2.7396471505281608,,0.8336491576480425,0
2000-06,0.0041845946715476,-5.476345193436277,mendeley,6,2000,1.2246467991473532e-16,-1.0,-1.3893075586296593,3.2073486432381504,-1.2742729554590393,-3.1430351801019767,-3.976684337750019,-2.7396471505281608,-2.3333100133343003,0
2000-07,0.0185465800322606,-3.9874698178453873,mendeley,7,2000,-0.4999999999999997,-0.8660254037844388,-1.1969100651285831,2.820597258762793,-0.9893506575769827,-5.476345193436277,-3.1430351801019767,-3.976684337750019,1.4888753755908897,0
2000-08,0.13393816510722,-2.010377032491683,mendeley,8,2000,-0.8660254037844384,-0.5000000000000004,-1.077502327774256,2.3729287983395606,-0.39313219400860216,-3.9874698178453873,-5.476345193436277,-3.1430351801019767,1.9770927853537041,0
2000-09,0.0910616375916636,-2.396218654600201,mendeley,9,2000,-1.0,-1.8369701987210297e-16,-1.1964691620374177,2.199919635554165,-0.5453606000750857,-2.010377032491683,-3.9874698178453873,-5.476345193436277,-0.3858416221085177,0
2000-10,0.0455086474306261,-3.0898528956888964,mendeley,10,2000,-0.8660254037844386,0.5000000000000001,-1.5136344869673162,1.7720931200156225,-0.8894670324704407,-2.396218654600201,-2.010377032491683,-3.9874698178453873,-0.6936342410886955,0
2000-11,0.0367238193473263,-3.304329678681762,mendeley,11,2000,-0.5000000000000004,0.8660254037844384,-1.9127366597082123,1.6510235720841067,-0.8428668387919654,-3.0898528956888964,-2.396218654600201,-2.010377032491683,-0.21447678299286554,0
2000-12,0.0116858706282768,-4.44937471999693,mendeley,12,2000,-2.4492935982947064e-16,1.0,-2.1774120159275543,2.382233374955818,-0.9537112223992381,-3.304329678681762,-3.0898528956888964,-2.396218654600201,-1.1450450413151683,0
2001-01,0.0120789859513221,-4.416287951637575,mendeley,1,2001,0.49999999999999994,0.8660254037844387,-2.3972465235340255,3.0489117629675784,-0.6622170745073869,-4.44937471999693,-3.304329678681762,-3.0898528956888964,0.033086768359355645,0
2001-02,0.0086756005228416,-4.7472406157442775,mendeley,2,2001,0.8660254037844386,0.5000000000000001,-2.1965283036696674,2.827906015254989,-0.9019791670285108,-4.416287951637575,-4.44937471999693,-3.304329678681762,-0.3309526641067029,0
2001-03,0.0194786339051718,-3.938437059959798,mendeley,3,2001,1.0,6.123233995736766e-17,-1.8917288103506313,2.6235890644746105,-0.7801176934769061,-4.7472406157442775,-4.416287951637575,-4.44937471999693,0.8088035557844795,0
2001-04,0.0071616844151281,-4.939009932535893,mendeley,4,2001,0.8660254037844387,-0.4999999999999998,-1.7304673817582232,2.799039638942793,-1.1463012192244437,-3.938437059959798,-4.7472406157442775,-4.416287951637575,-1.0005728725760954,0
2001-05,0.0211520658894672,-3.8560176529943364,mendeley,5,2001,0.49999999999999994,-0.8660254037844387,-1.2776179839026194,2.7397461704542265,-0.9411089599823186,-4.939009932535893,-3.938437059959798,-4.7472406157442775,1.082992279541557,0
2001-06,0.0065394300476804,-5.0299051130649035,mendeley,6,2001,1.2246467991473532e-16,-1.0,-1.3893075586296593,3.2073486432381504,-1.1350800799627707,-3.8560176529943364,-4.939009932535893,-3.938437059959798,-1.173887460070567,0
2001-07,0.0170608687694833,-4.070967755247306,mendeley,7,2001,-0.4999999999999997,-0.8660254037844388,-1.1969100651285831,2.820597258762793,-1.018953585518047,-5.0299051130649035,-3.8560176529943364,-4.939009932535893,0.9589373578175975,0
2001-08,0.0347451457284188,-3.359715379216595,mendeley,8,2001,-0.8660254037844384,-0.5000000000000004,-1.077502327774256,2.3729287983395606,-0.9617705567226883,-4.070967755247306,-5.0299051130649035,-3.8560176529943364,0.711252376030711,0
2001-09,0.0349914966687553,-3.3526501707533254,mendeley,9,2001,-1.0,-1.8369701987210297e-16,-1.1964691620374177,2.199919635554165,-0.9801180797101076,-3.359715379216595,-4.070967755247306,-5.0299051130649035,0.007065208463269634,0
2001-10,0.0397780215798864,-3.2244407156936394,mendeley,10,2001,-0.8660254037844386,0.5000000000000001,-1.5136344869673162,1.7720931200156225,-0.9654155356752591,-3.3526501707533254,-3.359715379216595,-4.070967755247306,0.12820945505968595,0
2001-11,0.0206179410535896,-3.881593608788681,mendeley,11,2001,-0.5000000000000004,0.8660254037844384,-1.9127366597082123,1.6510235720841067,-1.1925068680849644,-3.2244407156936394,-3.3526501707533254,-3.359715379216595,-0.6571528930950414,0
2001-12,0.009775717425132,-4.627853679634232,mendeley,12,2001,-2.4492935982947064e-16,1.0,-2.1774120159275543,2.382233374955818,-1.0286320767175572,-3.881593608788681,-3.2244407156936394,-3.3526501707533254,-0.7462600708455516,0
2002-01,0.00633876829794,-5.061070646420318,mendeley,1,2002,0.49999999999999994,0.8660254037844387,-2.3972465235340255,3.0489117629675784,-0.8736966924531556,-4.627853679634232,-3.881593608788681,-3.2244407156936394,-0.4332169667860857,0
2002-02,0.0031838813694427,-5.749653955952966,mendeley,2,2002,0.8660254037844386,0.5000000000000001,-2.1965283036696674,2.827906015254989,-1.2564511101557658,-5.061070646420318,-4.627853679634232,-3.881593608788681,-0.6885833095326479,0
2002-03,0.0134559085670219,-4.308336896417567,mendeley,3,2002,1.0,6.123233995736766e-17,-1.8917288103506313,2.6235890644746105,-0.9211076989112529,-5.749653955952966,-5.061070646420318,-4.627853679634232,1.4413170595353995,0
2002-04,0.0214672688036947,-3.8412258384892315,mendeley,4,2002,0.8660254037844387,-0.4999999999999998,-1.7304673817582232,2.799039638942793,-0.7541009521137932,-4.308336896417567,-5.749653955952966,-5.061070646420318,0.46711105792833507,0
2002-05,0.0160447298400981,-4.132374779874324,mendeley,5,2002,0.49999999999999994,-0.8660254037844387,-1.2776179839026194,2.7397461704542265,-1.0419785696783765,-3.8412258384892315,-4.308336896417567,-5.749653955952966,-0.2911489413850923,0
2002-06,0.024947298686638,-3.6909896916342544,mendeley,6,2002,1.2246467991473532e-16,-1.0,-1.3893075586296593,3.2073486432381504,-0.7176276697754969,-4.132374779874324,-3.8412258384892315,-4.308336896417567,0.4413850882400694,0
2002-07,0.0472800911028251,-3.051665957856896,mendeley,7,2002,-0.4999999999999997,-0.8660254037844388,-1.1969100651285831,2.820597258762793,-0.6575755850879149,-3.6909896916342544,-4.132374779874324,-3.8412258384892315,0.6393237337773585,0
2002-08,0.0193487517181052,-3.9451273205965687,mendeley,8,2002,-0.8660254037844384,-0.5000000000000004,-1.077502327774256,2.3729287983395606,-1.2084749423703365,-3.051665957856896,-3.6909896916342544,-4.132374779874324,-0.8934613627396728,0
2002-09,0.0307488392435136,-3.481903001098958,mendeley,9,2002,-1.0,-1.8369701987210297e-16,-1.1964691620374177,2.199919635554165,-1.0388715124522419,-3.9451273205965687,-3.051665957856896,-3.6909896916342544,0.4632243194976109,0
2002-10,0.0348870028250557,-3.355640902361837,mendeley,10,2002,-0.8660254037844386,0.5000000000000001,-1.5136344869673162,1.7720931200156225,-1.0394523823772206,-3.481903001098958,-3.9451273205965687,-3.051665957856896,0.1262620987371208,0
2002-11,0.0266303004146113,-3.625705560609337,mendeley,11,2002,-0.5000000000000004,0.8660254037844384,-1.9127366597082123,1.6510235720841067,-1.0375193485207628,-3.355640902361837,-3.481903001098958,-3.9451273205965687,-0.27006465824750014,0
2002-12,0.0073903755138824,-4.907576596215368,mendeley,12,2002,-2.4492935982947064e-16,1.0,-2.1774120159275543,2.382233374955818,-1.1460525274264737,-3.625705560609337,-3.355640902361837,-3.481903001098958,-1.2818710356060312,0
2003-01,0.0049572329735503,-5.306907360422089,mendeley,1,2003,0.49999999999999994,0.8660254037844387,-2.3972465235340255,3.0489117629675784,-0.9543276628169854,-4.907576596215368,-3.625705560609337,-3.355640902361837,-0.399330764206721,0
2003-02,0.0082792307903642,-4.794005093830723,mendeley,2,2003,0.8660254037844386,0.5000000000000001,-2.1965283036696674,2.827906015254989,-0.9185159535533023,-5.306907360422089,-4.907576596215368,-3.625705560609337,0.5129022665913663,0
2003-03,0.0442759193321434,-3.1173143088066744,mendeley,3,2003,1.0,6.123233995736766e-17,-1.8917288103506313,2.6235890644746105,-0.4671408015269624,-4.794005093830723,-5.306907360422089,-4.907576596215368,1.6766907850240487,0
2003-04,0.0200853776302899,-3.907763159952515,mendeley,4,2003,0.8660254037844387,-0.4999999999999998,-1.7304673817582232,2.799039638942793,-0.7778724344956629,-3.1173143088066744,-4.794005093830723,-5.306907360422089,-0.7904488511458405,0
2003-05,0.026361455069855,-3.635852333018491,mendeley,5,2003,0.49999999999999994,-0.8660254037844387,-1.2776179839026194,2.7397461704542265,-0.8607492090133652,-3.907763159952515,-3.1173143088066744,-4.794005093830723,0.271910826934024,0
2003-06,0.0196471891852572,-3.929820944008039,mendeley,6,2003,1.2246467991473532e-16,-1.0,-1.3893075586296593,3.2073486432381504,-0.7920914337561595,-3.635852333018491,-3.907763159952515,-3.1173143088066744,-0.2939686109895483,0
2003-07,0.0324233508005591,-3.4288763812031373,mendeley,7,2003,-0.4999999999999997,-0.8660254037844388,-1.1969100651285831,2.820597258762793,-0.7913098224641855,-3.929820944008039,-3.635852333018491,-3.907763159952515,0.5009445628049018,0
2003-08,0.0394226007051587,-3.2334159798119337,mendeley,8,2003,-0.8660254037844384,-0.5000000000000004,-1.077502327774256,2.3729287983395606,-0.9085454454201334,-3.4288763812031373,-3.929820944008039,-3.635852333018491,0.19546040139120358,0
2003-09,0.0456302169408368,-3.087185107792194,mendeley,9,2003,-1.0,-1.8369701987210297e-16,-1.1964691620374177,2.199919635554165,-0.8594477339980198,-3.2334159798119337,-3.4288763812031373,-3.929820944008039,0.1462308720197396,0
2003-10,0.273205365453455,-1.2975315085301975,mendeley,10,2003,-0.8660254037844386,0.5000000000000001,-1.5136344869673162,1.7720931200156225,0.12194786831248097,-3.087185107792194,-3.2334159798119337,-3.4288763812031373,1.7896535992619966,0
2003-11,0.02793092976274,-3.578020574741787,mendeley,11,2003,-0.5000000000000004,0.8660254037844384,-1.9127366597082123,1.6510235720841067,-1.00863727398602,-1.2975315085301975,-3.087185107792194,-3.2334159798119337,-2.2804890662115893,0
2003-12,0.0097225953169274,-4.633302585382526,mendeley,12,2003,-2.4492935982947064e-16,1.0,-2.1774120159275543,2.382233374955818,-1.0309193865191817,-3.578020574741787,-1.2975315085301975,-3.087185107792194,-1.055282010640739,0
2004-01,0.0145877579267825,-4.227572531619021,mendeley,1,2004,0.49999999999999994,0.8660254037844387,-2.3972465235340255,3.0489117629675784,-0.6003210818746344,-4.633302585382526,-3.578020574741787,-1.2975315085301975,0.4057300537635049,0
2004-02,0.0206860598163072,-3.8782951960566034,mendeley,2,2004,0.8660254037844386,0.5000000000000001,-2.1965283036696674,2.827906015254989,-0.5947039552639776,-4.227572531619021,-4.633302585382526,-3.578020574741787,0.3492773355624177,0
2004-03,0.0455156584881734,-3.089698847661035,mendeley,3,2004,1.0,6.123233995736766e-17,-1.8917288103506313,2.6235890644746105,-0.4566149682249512,-3.8782951960566034,-4.227572531619021,-4.633302585382526,0.7885963483955685,0
2004-04,0.0211089118560988,-3.8580599174485575,mendeley,4,2004,0.8660254037844387,-0.4999999999999998,-1.7304673817582232,2.799039638942793,-0.760115185969261,-3.089698847661035,-3.8782951960566034,-4.227572531619021,-0.7683610697875225,0
2004-05,0.0065990349263249,-5.020831712388231,mendeley,5,2004,0.49999999999999994,-0.8660254037844387,-1.2776179839026194,2.7397461704542265,-1.3662629658370942,-3.8580599174485575,-3.089698847661035,-3.8782951960566034,-1.1627717949396739,0
2004-06,0.0058753055118658,-5.136997048080361,mendeley,6,2004,1.2246467991473532e-16,-1.0,-1.3893075586296593,3.2073486432381504,-1.1684696321841148,-5.020831712388231,-3.8580599174485575,-3.089698847661035,-0.11616533569212972,0
2004-07,0.0102194321134707,-4.583464164094251,mendeley,7,2004,-0.4999999999999997,-0.8660254037844388,-1.1969100651285831,2.820597258762793,-1.2006514182216579,-5.136997048080361,-5.020831712388231,-3.8580599174485575,0.5535328839861098,0
2004-08,0.0055307714753348,-5.197427785077729,mendeley,8,2004,-0.8660254037844384,-0.5000000000000004,-1.077502327774256,2.3729287983395606,-1.7362195866080605,-4.583464164094251,-5.136997048080361,-5.020831712388231,-0.613963620983478,0
2004-09,0.0153349385448851,-4.177621423720067,mendeley,9,2004,-1.0,-1.8369701987210297e-16,-1.1964691620374177,2.199919635554165,-1.3551187113849685,-5.197427785077729,-4.583464164094251,-5.136997048080361,1.019806361357662,0
2004-10,0.0116971472240453,-4.448410208422812,mendeley,10,2004,-0.8660254037844386,0.5000000000000001,-1.5136344869673162,1.7720931200156225,-1.6561069439904061,-4.177621423720067,-5.197427785077729,-4.583464164094251,-0.27078878470274503,0
2004-11,0.0344046671976041,-3.3695630203909364,mendeley,11,2004,-0.5000000000000004,0.8660254037844384,-1.9127366597082123,1.6510235720841067,-0.8823776869786025,-4.448410208422812,-4.177621423720067,-5.197427785077729,1.078847188031876,0
2004-12,0.0734651044923195,-2.610944740701818,mendeley,12,2004,-2.4492935982947064e-16,1.0,-2.1774120159275543,2.382233374955818,-0.18198583284574468,-3.3695630203909364,-4.448410208422812,-4.177621423720067,0.7586182796891183,0
2005-01,0.011222315912622,-4.4898509017542985,mendeley,1,2005,0.49999999999999994,0.8660254037844387,-2.3972465235340255,3.0489117629675784,-0.6863446832529818,-2.610944740701818,-3.3695630203909364,-4.448410208422812,-1.8789061610524804,0
2005-02,0.050976174725649,-2.9763968980372573,mendeley,2,2005,0.8660254037844386,0.5000000000000001,-2.1965283036696674,2.827906015254989,-0.275775994732721,-4.4898509017542985,-2.610944740701818,-3.3695630203909364,1.5134540037170412,0
2005-03,0.0284429420768514,-3.55985519568628,mendeley,3,2005,1.0,6.123233995736766e-17,-1.8917288103506313,2.6235890644746105,-0.6358184701725386,-2.9763968980372573,-4.4898509017542985,-2.610944740701818,-0.5834582976490226,0
2005-04,0.0483029982562099,-3.0302616238496505,mendeley,4,2005,0.8660254037844387,-0.4999999999999998,-1.7304673817582232,2.799039638942793,-0.46437150228510665,-3.55985519568628,-2.9763968980372573,-4.4898509017542985,0.5295935718366294,0
2005-05,0.0331478475981674,-3.406777463455772,mendeley,5,2005,0.49999999999999994,-0.8660254037844387,-1.2776179839026194,2.7397461704542265,-0.7771374963543268,-3.0302616238496505,-3.55985519568628,-2.9763968980372573,-0.37651583960612145,0
2005-06,0.0072600170191118,-4.92537296817719,mendeley,6,2005,1.2246467991473532e-16,-1.0,-1.3893075586296593,3.2073486432381504,-1.1024886293550884,-3.406777463455772,-3.0302616238496505,-3.55985519568628,-1.5185955047214184,0
2005-07,0.0139595747255174,-4.2715895742646754,mendeley,7,2005,-0.4999999999999997,-0.8660254037844388,-1.1969100651285831,2.820597258762793,-1.090081010177521,-4.92537296817719,-3.406777463455772,-3.0302616238496505,0.6537833939125148,0
2005-08,0.053793349991952,-2.9226054069621497,mendeley,8,2005,-0.8660254037844384,-0.5000000000000004,-1.077502327774256,2.3729287983395606,-0.7775636085157679,-4.2715895742646754,-4.92537296817719,-3.406777463455772,1.3489841673025258,0
2005-09,0.053923566843722,-2.920187645358677,mendeley,9,2005,-1.0,-1.8369701987210297e-16,-1.1964691620374177,2.199919635554165,-0.7835370235636133,-2.9226054069621497,-4.2715895742646754,-4.92537296817719,0.0024177616034726235,0
2005-10,0.0324920542050497,-3.4267596747597353,mendeley,10,2005,-0.8660254037844386,0.5000000000000001,-1.5136344869673162,1.7720931200156225,-1.0795850207778885,-2.920187645358677,-2.9226054069621497,-4.2715895742646754,-0.5065720294010583,0
2005-11,0.106969371780762,-2.235212721187299,mendeley,11,2005,-0.5000000000000004,0.8660254037844384,-1.9127366597082123,1.6510235720841067,-0.19531887183901397,-3.4267596747597353,-2.920187645358677,-2.9226054069621497,1.1915469535724363,0
2005-12,0.0087191857383741,-4.7422293093585255,mendeley,12,2005,-2.4492935982947064e-16,1.0,-2.1774120159275543,2.382233374955818,-1.0766440099423673,-2.235212721187299,-3.4267596747597353,-2.920187645358677,-2.5070165881712265,0
2006-01,0.0004692465821984,-7.664380034991697,mendeley,1,2006,0.49999999999999994,0.8660254037844387,-2.3972465235340255,3.0489117629675784,-1.7275454066702953,-4.7422293093585255,-2.235212721187299,-3.4267596747597353,-2.9221507256331716,0
2006-02,0.0027130035636024,-5.909698563182761,mendeley,2,2006,0.8660254037844386,0.5000000000000001,-2.1965283036696674,2.827906015254989,-1.3130458507045828,-7.664380034991697,-4.7422293093585255,-2.235212721187299,1.7546814718089356,0
2006-03,0.0019826426517149,-6.223324147198949,mendeley,3,2006,1.0,6.123233995736766e-17,-1.8917288103506313,2.6235890644746105,-1.6510189783535119,-5.909698563182761,-7.664380034991697,-4.7422293093585255,-0.31362558401618745,0
2006-04,0.0303403824588987,-3.4952756664172058,mendeley,4,2006,0.8660254037844387,-0.4999999999999998,-1.7304673817582232,2.799039638942793,-0.6305049275134799,-6.223324147198949,-5.909698563182761,-7.664380034991697,2.728048480781743,0
2006-05,0.028535453465113,-3.556607948534941,mendeley,5,2006,0.49999999999999994,-0.8660254037844387,-1.2776179839026194,2.7397461704542265,-0.8318252213322684,-3.4952756664172058,-6.223324147198949,-5.909698563182761,-0.061332282117735115,0
2006-06,0.011100862431097,-4.500732387103753,mendeley,6,2006,1.2246467991473532e-16,-1.0,-1.3893075586296593,3.2073486432381504,-0.970092489020086,-3.556607948534941,-3.4952756664172058,-6.223324147198949,-0.9441244385688119,0
2006-07,0.0540449672474384,-2.9179388336349428,mendeley,7,2006,-0.4999999999999997,-0.8660254037844388,-1.1969100651285831,2.820597258762793,-0.6101646603958126,-4.500732387103753,-3.556607948534941,-3.4952756664172058,1.58279355346881,0
2006-08,0.0411749140632681,-3.1899260657434363,mendeley,8,2006,-0.8660254037844384,-0.5000000000000004,-1.077502327774256,2.3729287983395606,-0.8902179194956602,-2.9179388336349428,-4.500732387103753,-3.556607948534941,-0.2719872321084935,0
2006-09,0.0403724014327427,-3.2096088355401085,mendeley,9,2006,-1.0,-1.8369701987210297e-16,-1.1964691620374177,2.199919635554165,-0.9150969157996429,-3.1899260657434363,-2.9179388336349428,-4.500732387103753,-0.01968276979667216,0
2006-10,0.0313684906288675,-3.4619513411721976,mendeley,10,2006,-0.8660254037844386,0.5000000000000001,-1.5136344869673162,1.7720931200156225,-1.0994438340732937,-3.2096088355401085,-3.1899260657434363,-2.9179388336349428,-0.25234250563208915,0
2006-11,0.0157926266829488,-4.148212050186977,mendeley,11,2006,-0.5000000000000004,0.8660254037844384,-1.9127366597082123,1.6510235720841067,-1.353993624486474,-3.4619513411721976,-3.2096088355401085,-3.1899260657434363,-0.6862607090147796,0
2006-12,0.0110048125295539,-4.509422508304113,mendeley,12,2006,-2.4492935982947064e-16,1.0,-2.1774120159275543,2.382233374955818,-0.9789177319454729,-4.148212050186977,-3.4619513411721976,-3.2096088355401085,-0.36121045811713604,0
2007-01,0.0025386988963981,-5.976103180804319,mendeley,1,2007,0.49999999999999994,0.8660254037844387,-2.3972465235340255,3.0489117629675784,-1.1738144411850435,-4.509422508304113,-4.148212050186977,-3.4619513411721976,-1.466680672500206,0
2007-02,0.0177886258902906,-4.029195964640167,mendeley,2,2007,0.8660254037844386,0.5000000000000001,-2.1965283036696674,2.827906015254989,-0.6480652649289869,-5.976103180804319,-4.509422508304113,-4.148212050186977,1.9469072161641519,0
2007-03,0.0278609375431395,-3.580529623360875,mendeley,3,2007,1.0,6.123233995736766e-17,-1.8917288103506313,2.6235890644746105,-0.6436986782259044,-4.029195964640167,-5.976103180804319,-4.509422508304113,0.44866634127929217,0
2007-04,0.0073262954979347,-4.916285143435926,mendeley,4,2007,0.8660254037844387,-0.4999999999999998,-1.7304673817582232,2.799039638942793,-1.138182438488437,-3.580529623360875,-4.029195964640167,-5.976103180804319,-1.3357555200750504,0
2007-05,0.0038464104772914,-5.560614649163098,mendeley,5,2007,0.49999999999999994,-0.8660254037844387,-1.2776179839026194,2.7397461704542265,-1.5632822892313394,-4.916285143435926,-3.580529623360875,-4.029195964640167,-0.6443295057271721,0
2007-06,0.0043825558893435,-5.430122960227809,mendeley,6,2007,1.2246467991473532e-16,-1.0,-1.3893075586296593,3.2073486432381504,-1.2598616025473701,-5.560614649163098,-4.916285143435926,-3.580529623360875,0.1304916889352885,0
2007-07,0.0129304005455845,-4.348174031337616,mendeley,7,2007,-0.4999999999999997,-0.8660254037844388,-1.1969100651285831,2.820597258762793,-1.1172328684710136,-5.430122960227809,-5.560614649163098,-4.916285143435926,1.081948928890193,0
2007-08,0.0773491441935672,-2.5594257531738718,mendeley,8,2007,-0.8660254037844384,-0.5000000000000004,-1.077502327774256,2.3729287983395606,-0.6245123858906263,-4.348174031337616,-5.430122960227809,-5.560614649163098,1.7887482781637445,0
2007-09,0.0715141313515372,-2.6378601935471493,mendeley,9,2007,-1.0,-1.8369701987210297e-16,-1.1964691620374177,2.199919635554165,-0.6552016756496843,-2.5594257531738718,-4.348174031337616,-5.430122960227809,-0.07843444037327751,0
2007-10,0.0779926390227518,-2.551140815427275,mendeley,10,2007,-0.8660254037844386,0.5000000000000001,-1.5136344869673162,1.7720931200156225,-0.5854694184754876,-2.6378601935471493,-2.5594257531738718,-4.348174031337616,0.08671937811987407,0
2007-11,0.0479734042145007,-3.037108479652351,mendeley,11,2007,-0.5000000000000004,0.8660254037844384,-1.9127366597082123,1.6510235720841067,-0.6810150012121455,-2.551140815427275,-2.6378601935471493,-2.5594257531738718,-0.48596766422507587,0
2007-12,0.0348284295959393,-3.3573212545933067,mendeley,12,2007,-2.4492935982947064e-16,1.0,-2.1774120159275543,2.382233374955818,-0.4952954026545092,-3.037108479652351,-2.551140815427275,-2.6378601935471493,-0.32021277494095557,0
2008-01,0.0338929909466645,-3.3845470132037883,mendeley,1,2008,0.49999999999999994,0.8660254037844387,-2.3972465235340255,3.0489117629675784,-0.3238206174614905,-3.3573212545933067,-3.037108479652351,-2.551140815427275,-0.0272257586104816,0
2008-02,0.0085255893164532,-4.76468301287815,mendeley,2,2008,0.8660254037844386,0.5000000000000001,-2.1965283036696674,2.827906015254989,-0.9081471220594702,-3.3845470132037883,-3.3573212545933067,-3.037108479652351,-1.3801359996743616,0
2008-03,0.0032909768229468,-5.716570547741057,mendeley,3,2008,1.0,6.123233995736766e-17,-1.8917288103506313,2.6235890644746105,-1.4578661685938887,-4.76468301287815,-3.3845470132037883,-3.3573212545933067,-0.951887534862907,0
2008-04,0.0038003086361238,-5.572672732378898,mendeley,4,2008,0.8660254037844387,-0.4999999999999998,-1.7304673817582232,2.799039638942793,-1.372687009202874,-5.716570547741057,-4.76468301287815,-3.3845470132037883,0.14389781536215906,0
2008-05,0.02243366934639,-3.7971923082421246,mendeley,5,2008,0.49999999999999994,-0.8660254037844387,-1.2776179839026194,2.7397461704542265,-0.91963786700787,-5.572672732378898,-5.716570547741057,-4.76468301287815,1.7754804241367732,0
2008-06,0.132540089139514,-2.0208701122293795,mendeley,6,2008,1.2246467991473532e-16,-1.0,-1.3893075586296593,3.2073486432381504,-0.19691110130206876,-3.7971923082421246,-5.572672732378898,-5.716570547741057,1.776322196012745,0
2008-07,0.038254143913587,-3.2635033608266113,mendeley,7,2008,-0.4999999999999997,-0.8660254037844388,-1.1969100651285831,2.820597258762793,-0.7326793250180296,-2.0208701122293795,-3.7971923082421246,-5.572672732378898,-1.2426332485972318,0
2008-08,0.0499949456736394,-2.9958333451887684,mendeley,8,2008,-0.8660254037844384,-0.5000000000000004,-1.077502327774256,2.3729287983395606,-0.8084233369146392,-3.2635033608266113,-2.0208701122293795,-3.7971923082421246,0.2676700156378429,0
2008-09,0.05614381698843,-2.879838702016902,mendeley,9,2008,-1.0,-1.8369701987210297e-16,-1.1964691620374177,2.199919635554165,-0.7651959247845158,-2.9958333451887684,-3.2635033608266113,-2.0208701122293795,0.11599464317186658,0
2008-10,0.0527830055639852,-2.941565985452329,mendeley,10,2008,-0.8660254037844386,0.5000000000000001,-1.5136344869673162,1.7720931200156225,-0.8057880719453525,-2.879838702016902,-2.9958333451887684,-3.2635033608266113,-0.061727283435426994,0
2008-11,0.0533972150221962,-2.929996668790835,mendeley,11,2008,-0.5000000000000004,0.8660254037844384,-1.9127366597082123,1.6510235720841067,-0.6161389978209236,-2.941565985452329,-2.879838702016902,-2.9958333451887684,0.011569316661493634,0
2008-12,0.0120346174028878,-4.419967915529572,mendeley,12,2008,-2.4492935982947064e-16,1.0,-2.1774120159275543,2.382233374955818,-0.9413670059272043,-2.929996668790835,-2.941565985452329,-2.879838702016902,-1.4899712467387367,0
2009-01,0.0068307179350495,-4.98632534958478,mendeley,1,2009,0.49999999999999994,0.8660254037844387,-2.3972465235340255,3.0489117629675784,-0.8491812906814799,-4.419967915529572,-2.929996668790835,-2.941565985452329,-0.5663574340552078,0
2009-02,0.0018090978865019,-6.314926410435618,mendeley,2,2009,0.8660254037844386,0.5000000000000001,-2.1965283036696674,2.827906015254989,-1.456341930937404,-4.98632534958478,-4.419967915529572,-2.929996668790835,-1.328601060850838,0
2009-03,0.0054689372118225,-5.2086707925744475,mendeley,3,2009,1.0,6.123233995736766e-17,-1.8917288103506313,2.6235890644746105,-1.2642764932731771,-6.314926410435618,-4.98632534958478,-4.419967915529572,1.1062556178611702,0
2009-04,0.0044401811130364,-5.417059886929516,mendeley,4,2009,0.8660254037844387,-0.4999999999999998,-1.7304673817582232,2.799039638942793,-1.3170919246301676,-5.2086707925744475,-6.314926410435618,-4.98632534958478,-0.20838909435506814,0
2009-05,0.0434633653947319,-3.1358368475418237,mendeley,5,2009,0.49999999999999994,-0.8660254037844387,-1.2776179839026194,2.7397461704542265,-0.6782448986254546,-5.417059886929516,-5.2086707925744475,-6.314926410435618,2.281223039387692,0
2009-06,0.0146093758013033,-4.226091709755363,mendeley,6,2009,1.2246467991473532e-16,-1.0,-1.3893075586296593,3.2073486432381504,-0.8844639191646083,-3.1358368475418237,-5.417059886929516,-5.2086707925744475,-1.0902548622135395,0
2009-07,0.0041989138250812,-5.472929162058047,mendeley,7,2009,-0.4999999999999997,-0.8660254037844388,-1.1969100651285831,2.820597258762793,-1.5159977496415302,-4.226091709755363,-3.1358368475418237,-5.417059886929516,-1.2468374523026835,0
2009-08,0.0252533878206007,-3.678794921549361,mendeley,8,2009,-0.8660254037844384,-0.5000000000000004,-1.077502327774256,2.3729287983395606,-1.0962371039515981,-5.472929162058047,-4.226091709755363,-3.1358368475418237,1.7941342405086855,0
2009-09,0.0279521819487199,-3.577259980508825,mendeley,9,2009,-1.0,-1.8369701987210297e-16,-1.1964691620374177,2.199919635554165,-1.0822171773887006,-3.678794921549361,-5.472929162058047,-4.226091709755363,0.10153494104053618,0
2009-10,0.0683082224924509,-2.6837251171282914,mendeley,10,2009,-0.8660254037844386,0.5000000000000001,-1.5136344869673162,1.7720931200156225,-0.6602873274236627,-3.577259980508825,-3.678794921549361,-5.472929162058047,0.8935348633805336,0
2009-11,0.0310259932339052,-3.472929902187201,mendeley,11,2009,-0.5000000000000004,0.8660254037844384,-1.9127366597082123,1.6510235720841067,-0.9449854434903908,-2.6837251171282914,-3.577259980508825,-3.678794921549361,-0.7892047850589097,0
2009-12,0.0111336719539382,-4.497781163288106,mendeley,12,2009,-2.4492935982947064e-16,1.0,-2.1774120159275543,2.382233374955818,-0.9740309961880148,-3.472929902187201,-2.6837251171282914,-3.577259980508825,-1.0248512611009053,0
2010-01,0.0105243663240397,-4.554062012950669,mendeley,1,2010,0.49999999999999994,0.8660254037844387,-2.3972465235340255,3.0489117629675784,-0.7074050209040368,-4.497781163288106,-3.472929902187201,-2.6837251171282914,-0.05628084966256264,0
2010-02,0.0189565806555098,-3.965604090840813,mendeley,2,2010,0.8660254037844386,0.5000000000000001,-2.1965283036696674,2.827906015254989,-0.625577999278604,-4.554062012950669,-4.497781163288106,-3.472929902187201,0.588457922109856,0
2010-03,0.0132517370841746,-4.323626558988626,mendeley,3,2010,1.0,6.123233995736766e-17,-1.8917288103506313,2.6235890644746105,-0.9269354646913794,-3.965604090840813,-4.554062012950669,-4.497781163288106,-0.358022468147813,0
2010-04,0.0090993623268269,-4.69955083199189,mendeley,4,2010,0.8660254037844387,-0.4999999999999998,-1.7304673817582232,2.799039638942793,-1.0607507692728138,-4.323626558988626,-3.965604090840813,-4.554062012950669,-0.3759242730032639,0
2010-05,0.0488558361836447,-3.0188814156433117,mendeley,5,2010,0.49999999999999994,-0.8660254037844387,-1.2776179839026194,2.7397461704542265,-0.6355564798369645,-4.69955083199189,-4.323626558988626,-3.965604090840813,1.6806694163485782,0
2010-06,0.0173380147724466,-4.05485374483218,mendeley,6,2010,1.2246467991473532e-16,-1.0,-1.3893075586296593,3.2073486432381504,-0.8310746609421844,-3.0188814156433117,-4.69955083199189,-4.323626558988626,-1.0359723291888687,0
2010-07,0.0464411045904155,-3.069570315579333,mendeley,7,2010,-0.4999999999999997,-0.8660254037844388,-1.1969100651285831,2.820597258762793,-0.6639233037020537,-4.05485374483218,-3.0188814156433117,-4.69955083199189,0.9852834292528474,0
2010-08,0.0626220137977262,-2.7706383886138384,mendeley,8,2010,-0.8660254037844384,-0.5000000000000004,-1.077502327774256,2.3729287983395606,-0.7135216454974721,-3.069570315579333,-4.05485374483218,-3.0188814156433117,0.29893192696549464,0
2010-09,0.0208071814593056,-3.8724570413372907,mendeley,9,2010,-1.0,-1.8369701987210297e-16,-1.1964691620374177,2.199919635554165,-1.2164025612807376,-2.7706383886138384,-3.069570315579333,-4.05485374483218,-1.1018186527234524,0
2010-10,0.0788126481176411,-2.540681773203073,mendeley,10,2010,-0.8660254037844386,0.5000000000000001,-1.5136344869673162,1.7720931200156225,-0.5795673346029934,-3.8724570413372907,-2.7706383886138384,-3.069570315579333,1.3317752681342179,0
2010-11,0.0623655294938133,-2.774742552166077,mendeley,11,2010,-0.5000000000000004,0.8660254037844384,-1.9127366597082123,1.6510235720841067,-0.5221039281527304,-2.540681773203073,-3.8724570413372907,-2.7706383886138384,-0.23406077896300426,0
2010-12,0.0479665048391537,-3.0372523066641364,mendeley,12,2010,-2.4492935982947064e-16,1.0,-2.1774120159275543,2.382233374955818,-0.3609387307624842,-2.774742552166077,-2.540681773203073,-3.8724570413372907,-0.26250975449805924,0
2011-01,0.0039851777385717,-5.525173114904738,mendeley,1,2011,0.49999999999999994,0.8660254037844387,-2.3972465235340255,3.0489117629675784,-1.0259157478293917,-3.0372523066641364,-2.774742552166077,-2.540681773203073,-2.4879208082406015,1
2011-02,0.0592343922185093,-2.826252939259023,mendeley,2,2011,0.8660254037844386,0.5000000000000001,-2.1965283036696674,2.827906015254989,-0.22268230704710115,-5.525173114904738,-3.0372523066641364,-2.774742552166077,2.6989201756457146,1
2011-03,0.0381204292776096,-3.2670049128094294,mendeley,3,2011,1.0,6.123233995736766e-17,-1.8917288103506313,2.6235890644746105,-0.5241964609020069,-2.826252939259023,-5.525173114904738,-3.0372523066641364,-0.4407519735504062,1
2011-04,0.187432378193185,-1.6743371429224814,mendeley,4,2011,0.8660254037844387,-0.4999999999999998,-1.7304673817582232,2.799039638942793,0.02005339190442564,-3.2670049128094294,-2.826252939259023,-5.525173114904738,1.592667769886948,1
2011-05,0.450989510710586,-0.7963111953805047,mendeley,5,2011,0.49999999999999994,-0.8660254037844387,-1.2776179839026194,2.7397461704542265,0.17567568620501736,-1.6743371429224814,-3.2670049128094294,-2.826252939259023,0.8780259475419767,1
2011-06,0.824730352745612,-0.19269879001729234,mendeley,6,2011,1.2246467991473532e-16,-1.0,-1.3893075586296593,3.2073486432381504,0.37308347227392985,-0.7963111953805047,-1.6743371429224814,-3.2670049128094294,0.6036124053632124,1
2011-07,1.05073956963878,0.049494269218597696,mendeley,7,2011,-0.4999999999999997,-0.8660254037844388,-1.1969100651285831,2.820597258762793,0.44189376220761656,-0.19269879001729234,-0.7963111953805047,-1.6743371429224814,0.24219305923589005,1
2011-08,0.966468253827884,-0.034106826369416615,mendeley,8,2011,-0.8660254037844384,-0.5000000000000004,-1.077502327774256,2.3729287983395606,0.4397078842546593,0.049494269218597696,-0.19269879001729234,-0.7963111953805047,-0.08360109558801432,1
2011-09,0.976992631064485,-0.023276168355216568,mendeley,9,2011,-1.0,-1.8369701987210297e-16,-1.1964691620374177,2.199919635554165,0.5332890232541023,-0.034106826369416615,0.049494269218597696,-0.19269879001729234,0.010830658014200047,1
2011-10,0.310134153473294,-1.17075031874951,mendeley,10,2011,-0.8660254037844386,0.5000000000000001,-1.5136344869673162,1.7720931200156225,0.19349105548967047,-0.023276168355216568,-0.034106826369416615,0.049494269218597696,-1.1474741503942936,1
2011-11,0.19680156703253,-1.625559326750756,mendeley,11,2011,-0.5000000000000004,0.8660254037844384,-1.9127366597082123,1.6510235720841067,0.17393896599244124,-1.17075031874951,-0.023276168355216568,-0.034106826369416615,-0.4548090080012459,1
2011-12,0.0898893033670254,-2.4091763171404743,mendeley,12,2011,-2.4492935982947064e-16,1.0,-2.1774120159275543,2.382233374955818,-0.09728866350771297,-1.625559326750756,-1.17075031874951,-0.023276168355216568,-0.7836169903897183,1
2012-01,0.113148590952328,-2.1790533510601957,mendeley,1,2012,0.49999999999999994,0.8660254037844387,-2.3972465235340255,3.0489117629675784,0.07156427913855308,-2.4091763171404743,-1.625559326750756,-1.17075031874951,0.2301229660802786,1
2012-02,0.233988832763493,-1.4524818837224531,mendeley,2,2012,0.8660254037844386,0.5000000000000001,-2.1965283036696674,2.827906015254989,0.2631086096686012,-2.1790533510601957,-2.4091763171404743,-1.625559326750756,0.7265714673377426,1
2012-03,0.42867134864423,-0.8470647383923774,mendeley,3,2012,1.0,6.123233995736766e-17,-1.8917288103506313,2.6235890644746105,0.39818128765049354,-1.4524818837224531,-2.1790533510601957,-2.4091763171404743,0.6054171453300757,1
2012-04,0.544976630347843,-0.6070123634990304,mendeley,4,2012,0.8660254037844387,-0.4999999999999998,-1.7304673817582232,2.799039638942793,0.40137159996902566,-0.8470647383923774,-1.4524818837224531,-2.1790533510601957,0.24005237489334696,1
2012-05,0.98370290871212,-0.016431348541480515,mendeley,5,2012,0.49999999999999994,-0.8660254037844387,-1.2776179839026194,2.7397461704542265,0.4603297374632501,-0.6070123634990304,-0.8470647383923774,-1.4524818837224531,0.5905810149575499,1
2012-06,1.54509788598025,0.4350872656114921,mendeley,6,2012,1.2246467991473532e-16,-1.0,-1.3893075586296593,3.2073486432381504,0.5688171219201278,-0.016431348541480515,-0.6070123634990304,-0.8470647383923774,0.4515186141529726,1
2012-07,1.49415393809321,0.4015601196175534,mendeley,7,2012,-0.4999999999999997,-0.8660254037844388,-1.1969100651285831,2.820597258762793,0.5667133724178963,0.4350872656114921,-0.016431348541480515,-0.6070123634990304,-0.03352714599393869,1
2012-08,0.586752924158303,-0.5331514589062891,mendeley,8,2012,-0.8660254037844384,-0.5000000000000004,-1.077502327774256,2.3729287983395606,0.22940042248586318,0.4015601196175534,0.4350872656114921,-0.016431348541480515,-0.9347115785238425,1
2012-09,0.318057936068686,-1.1455217207570212,mendeley,9,2012,-1.0,-1.8369701987210297e-16,-1.1964691620374177,2.199919635554165,0.02315877382837339,-0.5331514589062891,0.4015601196175534,0.4350872656114921,-0.6123702618507321,1
2012-10,0.186393518977219,-1.679895141405644,mendeley,10,2012,-0.8660254037844386,0.5000000000000001,-1.5136344869673162,1.7720931200156225,-0.09382162402214062,-1.1455217207570212,-0.5331514589062891,0.4015601196175534,-0.5343734206486228,1
2012-11,0.0659229487140241,-2.719268647506667,mendeley,11,2012,-0.5000000000000004,0.8660254037844384,-1.9127366597082123,1.6510235720841067,-0.4885042233408938,-1.679895141405644,-1.1455217207570212,-0.5331514589062891,-1.039373506101023,1
2012-12,0.0417786104194011,-3.175370758939752,mendeley,12,2012,-2.4492935982947064e-16,1.0,-2.1774120159275543,2.382233374955818,-0.4189172872413082,-2.719268647506667,-1.679895141405644,-1.1455217207570212,-0.456102111433085,1
2013-01,0.0090319312506486,-4.706988953198272,mendeley,1,2013,0.49999999999999994,0.8660254037844387,-2.3972465235340255,3.0489117629675784,-0.7575628975946879,-3.175370758939752,-2.719268647506667,-1.679895141405644,-1.5316181942585203,1
2013-02,0.0118110381364427,-4.438720664799141,mendeley,2,2013,0.8660254037844386,0.5000000000000001,-2.1965283036696674,2.827906015254989,-0.792880792018577,-4.706988953198272,-3.175370758939752,-2.719268647506667,0.2682682883991312,1
2013-03,0.0564828406954007,-2.8738183737589855,mendeley,3,2013,1.0,6.123233995736766e-17,-1.8917288103506313,2.6235890644746105,-0.3743305598832504,-4.438720664799141,-4.706988953198272,-3.175370758939752,1.5649022910401555,1
2013-04,0.0432182799980715,-3.14149170199212,mendeley,4,2013,0.8660254037844387,-0.4999999999999998,-1.7304673817582232,2.799039638942793,-0.5041101600000368,-2.8738183737589855,-4.438720664799141,-4.706988953198272,-0.2676733282331343,1
2013-05,0.0550531456171432,-2.8994562581891525,mendeley,5,2013,0.49999999999999994,-0.8660254037844387,-1.2776179839026194,2.7397461704542265,-0.5919666178482681,-3.14149170199212,-2.8738183737589855,-4.438720664799141,0.24203544380296727,1
2013-06,0.0163644452915059,-4.112644206523137,mendeley,6,2013,1.2246467991473532e-16,-1.0,-1.3893075586296593,3.2073486432381504,-0.8490928024413296,-2.8994562581891525,-3.14149170199212,-2.8738183737589855,-1.2131879483339842,1
2013-07,0.0244909691507501,-3.7094507946438364,mendeley,7,2013,-0.4999999999999997,-0.8660254037844388,-1.1969100651285831,2.820597258762793,-0.8907832274563495,-4.112644206523137,-2.8994562581891525,-3.14149170199212,0.40319341187930036,1
2013-08,0.0378534755041903,-3.2740324538003316,mendeley,8,2013,-0.8660254037844384,-0.5000000000000004,-1.077502327774256,2.3729287983395606,-0.9256620458073085,-3.7094507946438364,-4.112644206523137,-2.8994562581891525,0.43541834084350484,1
2013-09,0.0336802699207647,-3.390843045674666,mendeley,9,2013,-1.0,-1.8369701987210297e-16,-1.1964691620374177,2.199919635554165,-0.9974791115878561,-3.2740324538003316,-3.7094507946438364,-4.112644206523137,-0.11681059187433451,1
2013-10,0.0213125455089688,-3.848459341701777,mendeley,10,2013,-0.8660254037844386,0.5000000000000001,-1.5136344869673162,1.7720931200156225,-1.317552011439375,-3.390843045674666,-3.2740324538003316,-3.7094507946438364,-0.45761629602711107,1
2013-11,0.0307540794437167,-3.481732596176485,mendeley,11,2013,-0.5000000000000004,0.8660254037844384,-1.9127366597082123,1.6510235720841067,-0.9503171020676044,-3.848459341701777,-3.390843045674666,-3.2740324538003316,0.36672674552529205,1
2013-12,0.0121936512406342,-4.406839770794917,mendeley,12,2013,-2.4492935982947064e-16,1.0,-2.1774120159275543,2.382233374955818,-0.9358561500754353,-3.481732596176485,-3.848459341701777,-3.390843045674666,-0.9251071746184323,1
2014-01,0.0201477730549218,-3.9046614654299376,mendeley,1,2014,0.49999999999999994,0.8660254037844387,-2.3972465235340255,3.0489117629675784,-0.49441081247582885,-4.406839770794917,-3.481732596176485,-3.848459341701777,0.5021783053649798,1
2014-02,0.0150735380834823,-4.194814450950042,mendeley,2,2014,0.8660254037844386,0.5000000000000001,-2.1965283036696674,2.827906015254989,-0.7066310324673896,-3.9046614654299376,-4.406839770794917,-3.481732596176485,-0.29015298552010416,1
2014-03,0.449357221459469,-0.7999371118802563,mendeley,3,2014,1.0,6.123233995736766e-17,-1.8917288103506313,2.6235890644746105,0.416144324297606,-4.194814450950042,-3.9046614654299376,-4.406839770794917,3.3948773390697857,1
2014-04,0.93233958219649,-0.07005817100651843,mendeley,4,2014,0.8660254037844387,-0.4999999999999998,-1.7304673817582232,2.799039638942793,0.5932067512194458,-0.7999371118802563,-4.194814450950042,-3.9046614654299376,0.7298789408737378,1
2014-05,2.39832594730634,0.8747709724335438,mendeley,5,2014,0.49999999999999994,-0.8660254037844387,-1.2776179839026194,2.7397461704542265,0.7856161930429182,-0.07005817100651843,-0.7999371118802563,-4.194814450950042,0.9448291434400623,1
2014-06,2.99379432807875,1.0965415892753958,mendeley,6,2014,1.2246467991473532e-16,-1.0,-1.3893075586296593,3.2073486432381504,0.7750479989588327,0.8747709724335438,-0.07005817100651843,-0.7999371118802563,0.22177061684185195,1
2014-07,2.79899983610611,1.0292621523361407,mendeley,7,2014,-0.4999999999999997,-0.8660254037844388,-1.1969100651285831,2.820597258762793,0.7892556126361677,1.0965415892753958,0.8747709724335438,-0.07005817100651843,-0.06727943693925509,1
2014-08,2.85236792828949,1.0481495016960602,mendeley,8,2014,-0.8660254037844384,-0.5000000000000004,-1.077502327774256,2.3729287983395606,0.8957925037437807,1.0292621523361407,1.0965415892753958,0.8747709724335438,0.018887349359919536,1
2014-09,2.89482037546253,1.0629230629730855,mendeley,9,2014,-1.0,-1.8369701987210297e-16,-1.1964691620374177,2.199919635554165,1.0270339827397181,1.0481495016960602,1.0292621523361407,1.0965415892753958,0.014773561277025227,1
2014-10,2.05978762825295,0.7226028848914275,mendeley,10,2014,-0.8660254037844386,0.5000000000000001,-1.5136344869673162,1.7720931200156225,1.2619186579986437,1.0629230629730855,1.0481495016960602,1.0292621523361407,-0.34032017808165793,1
2014-11,0.874139624337899,-0.13451516169478664,mendeley,11,2014,-0.5000000000000004,0.8660254037844384,-1.9127366597082123,1.6510235720841067,1.077041859413767,0.7226028848914275,1.0629230629730855,1.0481495016960602,-0.8571180465862142,1
2014-12,1.15898093537107,0.14754111587986304,mendeley,12,2014,-2.4492935982947064e-16,1.0,-2.1774120159275543,2.382233374955818,0.9759552343819113,-0.13451516169478664,0.7226028848914275,1.0629230629730855,0.2820562775746497,1
2015-01,1.22098300254589,0.19965627492184596,mendeley,1,2015,0.49999999999999994,0.8660254037844387,-2.3972465235340255,3.0489117629675784,0.8517474431363156,0.14754111587986304,-0.13451516169478664,0.7226028848914275,0.05211515904198291,1
2015-02,1.87512927940315,0.62867760659381,mendeley,2,2015,0.8660254037844386,0.5000000000000001,-2.1965283036696674,2.827906015254989,0.9990451928115907,0.19965627492184596,0.14754111587986304,-0.13451516169478664,0.42902133167196405,1
2015-03,2.83105577516177,1.0406497078649544,mendeley,3,2015,1.0,6.123233995736766e-17,-1.8917288103506313,2.6235890644746105,1.1176973398472418,0.62867760659381,0.19965627492184596,0.14754111587986304,0.41197210127114436,1
2015-04,3.01359006590969,1.1031320813024237,mendeley,4,2015,0.8660254037844387,-0.4999999999999998,-1.7304673817582232,2.799039638942793,1.012347029187092,1.0406497078649544,0.62867760659381,0.19965627492184596,0.06248237343746932,1
2015-05,4.96908762124866,1.603236246243873,mendeley,5,2015,0.49999999999999994,-0.8660254037844387,-1.2776179839026194,2.7397461704542265,1.0515040631186907,1.1031320813024237,1.0406497078649544,0.62867760659381,0.5001041649414493,1
2015-06,6.07758131256634,1.8046068065618854,mendeley,6,2015,1.2246467991473532e-16,-1.0,-1.3893075586296593,3.2073486432381504,0.9958114070090484,1.603236246243873,1.1031320813024237,1.0406497078649544,0.20137056031801248,1
2015-07,7.79090315595276,2.052956791153736,mendeley,7,2015,-0.4999999999999997,-0.8660254037844388,-1.1969100651285831,2.820597258762793,1.1521910284021963,1.8046068065618854,1.603236246243873,1.1031320813024237,0.24834998459185043,1
2015-08,6.18457119514209,1.8220576737954606,mendeley,8,2015,-0.8660254037844384,-0.5000000000000004,-1.077502327774256,2.3729287983395606,1.2219329984105136,2.052956791153736,1.8046068065618854,1.603236246243873,-0.23089911735827529,1
2015-09,4.06827451449604,1.403218957594886,mendeley,9,2015,-1.0,-1.8369701987210297e-16,-1.1964691620374177,2.199919635554165,1.1817195853963258,1.8220576737954606,2.052956791153736,1.8046068065618854,-0.41883871620057467,1
2015-10,1.94962515323213,0.6676371254984627,mendeley,10,2015,-0.8660254037844386,0.5000000000000001,-1.5136344869673162,1.7720931200156225,1.230901236412762,1.403218957594886,1.8220576737954606,2.052956791153736,-0.7355818320964232,1
2015-11,0.911214126652687,-0.09297736252172026,mendeley,11,2015,-0.5000000000000004,0.8660254037844384,-1.9127366597082123,1.6510235720841067,1.1022006759657514,0.6676371254984627,1.403218957594886,1.8220576737954606,-0.7606144880201829,1
2015-12,0.673093540720671,-0.3958709668403951,mendeley,12,2015,-2.4492935982947064e-16,1.0,-2.1774120159275543,2.382233374955818,0.7478448869939959,-0.09297736252172026,0.6676371254984627,1.403218957594886,-0.30289360431867485,1
2016-01,0.658587849019289,-0.4176573574042597,mendeley,1,2016,0.49999999999999994,0.8660254037844387,-2.3972465235340255,3.0489117629675784,0.6492772897445167,-0.3958709668403951,-0.09297736252172026,0.6676371254984627,-0.02178639056386461,1
2016-02,0.105873931291149,-2.2455062106780153,mendeley,2,2016,0.8660254037844386,0.5000000000000001,-2.1965283036696674,2.827906015254989,-0.017319496031388274,-0.4176573574042597,-0.3958709668403951,-0.09297736252172026,-1.8278488532737556,1
2016-03,0.167133470063251,-1.7889625578542891,mendeley,3,2016,1.0,6.123233995736766e-17,-1.8917288103506313,2.6235890644746105,0.03917010247064807,-2.2455062106780153,-0.4176573574042597,-0.3958709668403951,0.4565436528237261,1
2016-04,0.272734335820501,-1.299257082790533,mendeley,4,2016,0.8660254037844387,-0.4999999999999998,-1.7304673817582232,2.799039638942793,0.15405651744559068,-1.7889625578542891,-2.2455062106780153,-0.4176573574042597,0.48970547506375617,1
2016-05,0.392439094370718,-0.9353739248299615,mendeley,5,2016,0.49999999999999994,-0.8660254037844387,-1.2776179839026194,2.7397461704542265,0.12491816313622832,-1.299257082790533,-1.7889625578542891,-2.2455062106780153,0.36388315796057147,1
2016-06,1.03864495217985,0.03791693396768835,mendeley,6,2016,1.2246467991473532e-16,-1.0,-1.3893075586296593,3.2073486432381504,0.44498576592422356,-0.9353739248299615,-1.299257082790533,-1.7889625578542891,0.9732908587976499,1
2016-07,1.33679380429773,0.29027406430995134,mendeley,7,2016,-0.4999999999999997,-0.8660254037844388,-1.1969100651285831,2.820597258762793,0.5272585885199584,0.03791693396768835,-0.9353739248299615,-1.299257082790533,0.252357130342263,1
2016-08,1.02474997213809,0.024448654189174655,mendeley,8,2016,-0.8660254037844384,-0.5000000000000004,-1.077502327774256,2.3729287983395606,0.4643843434048727,0.29027406430995134,0.03791693396768835,-0.9353739248299615,-0.2658254101207767,1
2016-09,1.26997415298681,0.2389965490719235,mendeley,9,2016,-1.0,-1.8369701987210297e-16,-1.1964691620374177,2.199919635554165,0.6525082498060181,0.024448654189174655,0.29027406430995134,0.03791693396768835,0.21454789488274884,1
2016-10,0.987400923464773,-0.012679116896142779,mendeley,10,2016,-0.8660254037844386,0.5000000000000001,-1.5136344869673162,1.7720931200156225,0.8469957662596992,0.2389965490719235,0.024448654189174655,0.29027406430995134,-0.2516756659680663,1
2016-11,0.220683991829361,-1.511023497441965,mendeley,11,2016,-0.5000000000000004,0.8660254037844384,-1.9127366597082123,1.6510235720841067,0.24331158504245945,-0.012679116896142779,0.2389965490719235,0.024448654189174655,-1.498344380545822,1
2016-12,0.265160198433552,-1.327421109483901,mendeley,12,2016,-2.4492935982947064e-16,1.0,-2.1774120159275543,2.382233374955818,0.35680421380185623,-1.511023497441965,-0.012679116896142779,0.2389965490719235,0.18360238795806394,1
2017-01,0.884795583759338,-0.12239863832672304,mendeley,1,2017,0.49999999999999994,0.8660254037844387,-2.3972465235340255,3.0489117629675784,0.7461179798109798,-1.327421109483901,-1.511023497441965,-0.012679116896142779,1.205022471157178,1
2017-02,0.853163186750207,-0.15880443941256503,mendeley,2,2017,0.8660254037844386,0.5000000000000001,-2.1965283036696674,2.827906015254989,0.7205769404162335,-0.12239863832672304,-1.327421109483901,-1.511023497441965,-0.03640580108584199,1
2017-03,0.880468774809077,-0.12730081356100448,mendeley,3,2017,1.0,6.123233995736766e-17,-1.8917288103506313,2.6235890644746105,0.6725245278238587,-0.15880443941256503,-0.12239863832672304,-1.327421109483901,0.03150362585156055,1
2017-04,1.72349487251324,0.5443541325074872,mendeley,4,2017,0.8660254037844387,-0.4999999999999998,-1.7304673817582232,2.799039638942793,0.8127150050382703,-0.12730081356100448,-0.15880443941256503,-0.12239863832672304,0.6716549460684917,1
2017-05,2.19205626605407,0.7848400380328107,mendeley,5,2017,0.49999999999999994,-0.8660254037844387,-1.2776179839026194,2.7397461704542265,0.7527916433198233,0.5443541325074872,-0.12730081356100448,-0.15880443941256503,0.24048590552532345,1
2017-06,4.6488695463088,1.536624081938065,mendeley,6,2017,1.2246467991473532e-16,-1.0,-1.3893075586296593,3.2073486432381504,0.9122586803078863,0.7848400380328107,0.5443541325074872,-0.12730081356100448,0.7517840439052543,1
2017-07,4.1203888478501,1.4159475396967078,mendeley,7,2017,-0.4999999999999997,-0.8660254037844388,-1.1969100651285831,2.820597258762793,0.9263490548705193,1.536624081938065,0.7848400380328107,0.5443541325074872,-0.12067654224135715,1
2017-08,3.47519298089113,1.2456500118319398,mendeley,8,2017,-0.8660254037844384,-0.5000000000000004,-1.077502327774256,2.3729287983395606,0.9790231975067286,1.4159475396967078,1.536624081938065,0.7848400380328107,-0.17029752786476804,1
2017-09,3.38425128402107,1.2191326957899937,mendeley,9,2017,-1.0,-1.8369701987210297e-16,-1.1964691620374177,2.199919635554165,1.0980409551273975,1.2456500118319398,1.4159475396967078,1.536624081938065,-0.02651731604194607,1
2017-10,1.11539735575305,0.10921071519558473,mendeley,10,2017,-0.8660254037844386,0.5000000000000001,-1.5136344869673162,1.7720931200156225,0.9157787386187664,1.2191326957899937,1.2456500118319398,1.4159475396967078,-1.109921980594409,1
2017-11,1.17292520739281,0.15950080667757574,mendeley,11,2017,-0.5000000000000004,0.8660254037844384,-1.9127366597082123,1.6510235720841067,1.2551228834183017,0.10921071519558473,1.2191326957899937,1.2456500118319398,0.05029009148199101,1
2017-12,2.32659975486938,0.8444078694703164,mendeley,12,2017,-2.4492935982947064e-16,1.0,-2.1774120159275543,2.382233374955818,1.2684818864373077,0.15950080667757574,0.10921071519558473,1.2191326957899937,0.6849070627927407,1
2018-01,5.17400407622149,1.6436468717846884,mendeley,1,2018,0.49999999999999994,0.8660254037844387,-2.3972465235340255,3.0489117629675784,1.3253559661515477,0.8444078694703164,0.15950080667757574,0.10921071519558473,0.799239002314372,1
2018-02,9.38331405488602,2.2389330114805968,mendeley,2,2018,0.8660254037844386,0.5000000000000001,-2.1965283036696674,2.827906015254989,1.5684613601807853,1.6436468717846884,0.8444078694703164,0.15950080667757574,0.5952861396959084,1
2018-03,8.32894189319484,2.119736424604561,mendeley,3,2018,1.0,6.123233995736766e-17,-1.8917288103506313,2.6235890644746105,1.5289990682128844,2.2389330114805968,1.6436468717846884,0.8444078694703164,-0.11919658687603585,1
2018-04,9.00480499379021,2.1977583231785847,mendeley,4,2018,0.8660254037844387,-0.4999999999999998,-1.7304673817582232,2.799039638942793,1.4034191049972098,2.119736424604561,2.2389330114805968,1.6436468717846884,0.07802189857402375,1
2018-05,10.9207281509854,2.3906626486784512,mendeley,5,2018,0.49999999999999994,-0.8660254037844387,-1.2776179839026194,2.7397461704542265,1.3389125869178242,2.1977583231785847,2.119736424604561,2.2389330114805968,0.19290432549986658,1
2018-06,14.086860025949,2.645242449900913,mendeley,6,2018,1.2246467991473532e-16,-1.0,-1.3893075586296593,3.2073486432381504,1.2579081532144496,2.3906626486784512,2.1977583231785847,2.119736424604561,0.2545798012224618,1
2018-07,10.7423569167192,2.374194517306186,mendeley,7,2018,-0.4999999999999997,-0.8660254037844388,-1.1969100651285831,2.820597258762793,1.2660809944916323,2.645242449900913,2.3906626486784512,2.1977583231785847,-0.27104793259472704,1
2018-08,5.92503110591956,1.779185937120419,mendeley,8,2018,-0.8660254037844384,-0.5000000000000004,-1.077502327774256,2.3729287983395606,1.203865984893277,2.374194517306186,2.645242449900913,2.3906626486784512,-0.595008580185767,1
2018-09,3.8367038329184,1.3446136213997497,mendeley,9,2018,-1.0,-1.8369701987210297e-16,-1.1964691620374177,2.199919635554165,1.1550798230850206,1.779185937120419,2.374194517306186,2.645242449900913,-0.43457231572066934,1
2018-10,2.26745911879291,0.8186598740873733,mendeley,10,2018,-0.8660254037844386,0.5000000000000001,-1.5136344869673162,1.7720931200156225,1.316124042642933,1.3446136213997497,1.779185937120419,2.374194517306186,-0.5259537473123764,1
2018-11,2.25223122739697,0.8119213819145994,mendeley,11,2018,-0.5000000000000004,0.8660254037844384,-1.9127366597082123,1.6510235720841067,1.650284155654691,0.8186598740873733,1.3446136213997497,1.779185937120419,-0.006738492172773891,1
2018-12,3.96336982053519,1.377094628435059,mendeley,12,2018,-2.4492935982947064e-16,1.0,-2.1774120159275543,2.382233374955818,1.4920900201175866,0.8119213819145994,0.8186598740873733,1.3446136213997497,0.5651732465204595,1
2019-01,4.41018088338086,1.483915705483994,mendeley,1,2019,0.49999999999999994,0.8660254037844387,-2.3972465235340255,3.0489117629675784,1.2729663994081586,1.377094628435059,0.8119213819145994,0.8186598740873733,0.10682107704893506,1
2019-02,2.89390655875893,1.0626073401133758,mendeley,2,2019,0.8660254037844386,0.5000000000000001,-2.1965283036696674,2.827906015254989,1.1524907921981173,1.483915705483994,1.377094628435059,0.8119213819145994,-0.4213083653706182,1
2019-03,2.4355531114918,0.890173881660346,mendeley,3,2019,1.0,6.123233995736766e-17,-1.8917288103506313,2.6235890644746105,1.0603423873349884,1.0626073401133758,1.483915705483994,1.377094628435059,-0.17243345845302982,1
2019-04,3.54328086422527,1.2650530960197461,mendeley,4,2019,0.8660254037844387,-0.4999999999999998,-1.7304673817582232,2.799039638942793,1.0701958043400155,0.890173881660346,1.0626073401133758,1.483915705483994,0.3748792143594002,1
2019-05,4.74226495487321,1.5565148603702015,mendeley,5,2019,0.49999999999999994,-0.8660254037844387,-1.2776179839026194,2.7397461704542265,1.0344508826534635,1.2650530960197461,0.890173881660346,1.0626073401133758,0.29146176435045534,1
2019-06,6.4808167854843,1.8688465497178501,mendeley,6,2019,1.2246467991473532e-16,-1.0,-1.3893075586296593,3.2073486432381504,1.0158403313018274,1.5565148603702015,1.2650530960197461,0.890173881660346,0.31233168934764866,1
2019-07,5.4584145216537,1.6971583671218873,mendeley,7,2019,-0.4999999999999997,-0.8660254037844388,-1.1969100651285831,2.820597258762793,1.0260480907933323,1.8688465497178501,1.5565148603702015,1.2650530960197461,-0.17168818259596286,1
2019-08,3.946501745156,1.3728295526230827,mendeley,8,2019,-0.8660254037844384,-0.5000000000000004,-1.077502327774256,2.3729287983395606,1.0326192181206364,1.6971583671218873,1.8688465497178501,1.5565148603702015,-0.3243288144988046,1
2019-09,2.14642527997323,0.7638037983739417,mendeley,9,2019,-1.0,-1.8369701987210297e-16,-1.1964691620374177,2.199919635554165,0.891065713824388,1.3728295526230827,1.6971583671218873,1.8688465497178501,-0.609025754249141,1
2019-10,0.670394712348844,-0.39988861566152056,mendeley,10,2019,-0.8660254037844386,0.5000000000000001,-1.5136344869673162,1.7720931200156225,0.6284917303307272,0.7638037983739417,1.3728295526230827,1.6971583671218873,-1.1636924140354623,1
2019-11,0.246094341399913,-1.4020403108785822,mendeley,11,2019,-0.5000000000000004,0.8660254037844384,-1.9127366597082123,1.6510235720841067,0.3093210523850802,-0.39988861566152056,0.7638037983739417,1.3728295526230827,-1.0021516952170617,1
2019-12,0.246994341807917,-1.3983898462281237,mendeley,12,2019,-2.4492935982947064e-16,1.0,-2.1774120159275543,2.382233374955818,0.32701337236276384,-1.4020403108785822,-0.39988861566152056,0.7638037983739417,0.003650464650458485,1
2020-01,0.706063192137383,-0.34805053680138204,mendeley,1,2020,0.49999999999999994,0.8660254037844387,-2.3972465235340255,3.0489117629675784,0.6721073438800053,-1.3983898462281237,-1.4020403108785822,-0.39988861566152056,1.0503393094267417,1
2020-02,1.16217577584571,0.1502939179409806,mendeley,2,2020,0.8660254037844386,0.5000000000000001,-2.1965283036696674,2.827906015254989,0.8298798506565778,-0.34805053680138204,-1.3983898462281237,-1.4020403108785822,0.49834445474236266,1
2020-03,2.61326933736827,0.9606020575250896,mendeley,3,2020,1.0,6.123233995736766e-17,-1.8917288103506313,2.6235890644746105,1.0871865973594905,0.1502939179409806,-0.34805053680138204,-1.3983898462281237,0.8103081395841091,1
2020-04,3.37870178623269,1.2174915490972227,mendeley,4,2020,0.8660254037844387,-0.4999999999999998,-1.7304673817582232,2.799039638942793,1.0532037095297802,0.9606020575250896,0.1502939179409806,-0.34805053680138204,0.25688949157213303,1
2020-05,5.42704993890284,1.6913956971584863,mendeley,5,2020,0.49999999999999994,-0.8660254037844387,-1.2776179839026194,2.7397461704542265,1.0836820261231968,1.2174915490972227,0.9606020575250896,0.1502939179409806,0.4739041480612636,1
2020-06,8.809041709854,2.1757786611435797,mendeley,6,2020,1.2246467991473532e-16,-1.0,-1.3893075586296593,3.2073486432381504,1.1115368537465622,1.6913956971584863,1.2174915490972227,0.9606020575250896,0.4843829639850934,1
2020-07,5.10324342552866,1.6298763035756227,mendeley,7,2020,-0.4999999999999997,-0.8660254037844388,-1.1969100651285831,2.820597258762793,1.002194255107561,2.1757786611435797,1.6913956971584863,1.2174915490972227,-0.5459023575679569,1
2020-08,2.56750260267735,0.9429336769105586,mendeley,8,2020,-0.8660254037844384,-0.5000000000000004,-1.077502327774256,2.3729287983395606,0.8514524355297132,1.6298763035756227,2.1757786611435797,1.6913956971584863,-0.6869426266650641,1
2020-09,2.82326741045431,1.0378948707696531,mendeley,9,2020,-1.0,-1.8369701987210297e-16,-1.1964691620374177,2.199919635554165,1.0156571161492587,0.9429336769105586,1.6298763035756227,2.1757786611435797,0.09496119385909452,1
2020-10,1.31672605352099,0.2751483939272205,mendeley,10,2020,-0.8660254037844386,0.5000000000000001,-1.5136344869673162,1.7720931200156225,1.0094181060184733,1.0378948707696531,0.9429336769105586,1.6298763035756227,-0.7627464768424326,1
2020-11,1.12966736255265,0.12192322085184906,mendeley,11,2020,-0.5000000000000004,0.8660254037844384,-1.9127366597082123,1.6510235720841067,1.23236270817847,0.2751483939272205,1.0378948707696531,0.9429336769105586,-0.15322517307537145,1
2020-12,2.29171816875585,0.8293018287072671,mendeley,12,2020,-2.4492935982947064e-16,1.0,-2.1774120159275543,2.382233374955818,1.2621407609531894,0.12192322085184906,0.2751483939272205,1.0378948707696531,0.7073786078554181,1
2021-01,3.85643795229805,1.3497439473990254,mendeley,1,2021,0.49999999999999994,0.8660254037844387,-2.3972465235340255,3.0489117629675784,1.2289599575968102,0.8293018287072671,0.12192322085184906,0.2751483939272205,0.5204421186917583,1
2021-02,2.76860790713911,1.018344633634936,mendeley,2,2021,0.8660254037844386,0.5000000000000001,-2.1965283036696674,2.827906015254989,1.136838678499972,1.3497439473990254,0.8293018287072671,0.12192322085184906,-0.3313993137640894,1
2021-03,4.57292061619246,1.5201520855032629,mendeley,3,2021,1.0,6.123233995736766e-17,-1.8917288103506313,2.6235890644746105,1.3004631487656944,1.018344633634936,1.3497439473990254,0.8293018287072671,0.5018074518683269,1
2021-04,5.88649407984484,1.7726605879881427,mendeley,4,2021,0.8660254037844387,-0.4999999999999998,-1.7304673817582232,2.799039638942793,1.251546395059096,1.5201520855032629,1.018344633634936,1.3497439473990254,0.2525085024848799,1
2021-05,10.6218502798454,2.362913226706499,mendeley,5,2021,0.49999999999999994,-0.8660254037844387,-1.2776179839026194,2.7397461704542265,1.3287841223647188,1.7726605879881427,1.5201520855032629,1.018344633634936,0.5902526387183564,1
2021-06,12.841201393957,2.552658860470171,mendeley,6,2021,1.2246467991473532e-16,-1.0,-1.3893075586296593,3.2073486432381504,1.2290420710609145,2.362913226706499,1.7726605879881427,1.5201520855032629,0.18974563376367204,1
2021-07,9.84249158724931,2.286708889199811,mendeley,7,2021,-0.4999999999999997,-0.8660254037844388,-1.1969100651285831,2.820597258762793,1.23506429126164,2.552658860470171,2.362913226706499,1.7726605879881427,-0.26594997127036013,1
2021-08,7.05321773595182,1.9534839292867188,mendeley,8,2021,-0.8660254037844384,-0.5000000000000004,-1.077502327774256,2.3729287983395606,1.2773186701522123,2.286708889199811,2.552658860470171,2.362913226706499,-0.3332249599130923,1
2021-09,4.44608087689121,1.4920230065351643,mendeley,9,2021,-1.0,-1.8369701987210297e-16,-1.1964691620374177,2.199919635554165,1.2220865367635778,1.9534839292867188,2.286708889199811,2.552658860470171,-0.4614609227515545,1
2021-10,1.38567338338135,0.32618621959257565,mendeley,10,2021,-0.8660254037844386,0.5000000000000001,-1.5136344869673162,1.7720931200156225,1.0382189771966794,1.4920230065351643,1.9534839292867188,2.286708889199811,-1.1658367869425885,1
2021-11,0.782087664670578,-0.24578844028197966,mendeley,11,2021,-0.5000000000000004,0.8660254037844384,-1.9127366597082123,1.6510235720841067,1.009645317978122,0.32618621959257565,1.4920230065351643,1.9534839292867188,-0.5719746598745553,1
2021-12,1.3438289021947,0.2955229298264841,mendeley,12,2021,-2.4492935982947064e-16,1.0,-2.1774120159275543,2.382233374955818,1.0380741751634228,-0.24578844028197966,0.32618621959257565,1.4920230065351643,0.5413113701084638,1
2022-01,2.90402617900727,1.066098112075932,mendeley,1,2022,0.49999999999999994,0.8660254037844387,-2.3972465235340255,3.0489117629675784,1.1359281293988652,0.2955229298264841,-0.24578844028197966,0.32618621959257565,0.770575182249448,1
2022-02,2.53593740805391,0.9305633552979663,mendeley,2,2022,0.8660254037844386,0.5000000000000001,-2.1965283036696674,2.827906015254989,1.1057975909024924,1.066098112075932,0.2955229298264841,-0.24578844028197966,-0.13553475677796578,1
2022-03,2.82434848112872,1.0382777122050426,mendeley,3,2022,1.0,6.123233995736766e-17,-1.8917288103506313,2.6235890644746105,1.1167932364981197,0.9305633552979663,1.066098112075932,0.2955229298264841,0.10771435690707631,1
2022-04,11.3867391022287,2.432449441756794,mendeley,4,2022,0.8660254037844387,-0.4999999999999998,-1.7304673817582232,2.799039638942793,1.4872661199922719,1.0382777122050426,0.9305633552979663,1.066098112075932,1.3941717295517513,1
2022-05,15.924659426569,2.767868815205618,mendeley,5,2022,0.49999999999999994,-0.8660254037844387,-1.2776179839026194,2.7397461704542265,1.4765918254527683,2.432449441756794,1.0382777122050426,0.9305633552979663,0.3354193734488242,1
2022-06,21.5159046072627,3.0687924108755453,mendeley,6,2022,1.2246467991473532e-16,-1.0,-1.3893075586296593,3.2073486432381504,1.389964255648956,2.767868815205618,2.432449441756794,1.0382777122050426,0.3009235956699272,1
2022-07,13.7335235139498,2.6198398157674423,mendeley,7,2022,-0.4999999999999997,-0.8660254037844388,-1.1969100651285831,2.820597258762793,1.3531708112664682,3.0687924108755453,2.767868815205618,2.432449441756794,-0.44895259510810304,1
2022-08,8.14128197617523,2.096947658667503,mendeley,8,2022,-0.8660254037844384,-0.5000000000000004,-1.077502327774256,2.3729287983395606,1.3377771758946397,2.6198398157674423,3.0687924108755453,2.767868815205618,-0.5228921570999394,1
2022-09,6.6818416441901,1.899393644939304,mendeley,9,2022,-1.0,-1.8369701987210297e-16,-1.1964691620374177,2.199919635554165,1.4072617730860277,2.096947658667503,2.6198398157674423,3.0687924108755453,-0.1975540137281988,1
2022-10,2.69641544381612,0.9919232779202615,mendeley,10,2022,-0.8660254037844386,0.5000000000000001,-1.5136344869673162,1.7720931200156225,1.4138973491785178,1.899393644939304,2.096947658667503,2.6198398157674423,-0.9074703670190426,1
2022-11,1.08656409164549,0.08302050898415997,mendeley,11,2022,-0.5000000000000004,0.8660254037844384,-1.9127366597082123,1.6510235720841067,1.2087999241422727,0.9919232779202615,1.899393644939304,2.096947658667503,-0.9089027689361016,1
2022-12,3.95919917897556,1.3760417775367968,mendeley,12,2022,-2.4492935982947064e-16,1.0,-2.1774120159275543,2.382233374955818,1.491648060522305,0.08302050898415997,0.9919232779202615,1.899393644939304,1.2930212685526368,1
2023-01,8.39343180241716,2.1274494718193635,mendeley,1,2023,0.49999999999999994,0.8660254037844387,-2.3972465235340255,3.0489117629675784,1.4840363864611792,1.3760417775367968,0.08302050898415997,0.9919232779202615,0.7514076942825667,1
2023-02,5.90694410700421,1.776128626286802,mendeley,2,2023,0.8660254037844386,0.5000000000000001,-2.1965283036696674,2.827906015254989,1.404805148589162,2.1274494718193635,1.3760417775367968,0.08302050898415997,-0.3513208455325616,1
2023-03,12.6672043560916,2.539016319401406,mendeley,3,2023,1.0,6.123233995736766e-17,-1.8917288103506313,2.6235890644746105,1.6888106410213755,1.776128626286802,2.1274494718193635,1.3760417775367968,0.762887693114604,1
2023-04,10.8253343391991,2.381889159342226,mendeley,4,2023,0.8660254037844387,-0.4999999999999998,-1.7304673817582232,2.799039638942793,1.4692026807643568,2.539016319401406,1.776128626286802,2.1274494718193635,-0.15712716005918015,1
2023-05,9.17572031492952,2.2165608994071757,mendeley,5,2023,0.49999999999999994,-0.8660254037844387,-1.2776179839026194,2.7397461704542265,1.2753659156426487,2.381889159342226,2.539016319401406,1.776128626286802,-0.16532825993505007,1
2023-06,8.68821797778093,2.161967852515529,mendeley,6,2023,1.2246467991473532e-16,-1.0,-1.3893075586296593,3.2073486432381504,1.1072308645435591,2.2165608994071757,2.381889159342226,2.539016319401406,-0.05459304689164668,1
2023-07,4.96535976950577,1.6024857562024077,mendeley,7,2023,-0.4999999999999997,-0.8660254037844388,-1.1969100651285831,2.820597258762793,0.9924833517561092,2.161967852515529,2.2165608994071757,2.381889159342226,-0.5594820963131213,1
2023-08,4.753283557973,1.5588356547989082,mendeley,8,2023,-0.8660254037844384,-0.5000000000000004,-1.077502327774256,2.3729287983395606,1.1110059368059937,1.6024857562024077,2.161967852515529,2.2165608994071757,-0.043650101403499564,1
2023-09,2.65162217529796,0.9751715947148725,mendeley,9,2023,-1.0,-1.8369701987210297e-16,-1.1964691620374177,2.199919635554165,0.9871454946149653,1.5588356547989082,1.6024857562024077,2.161967852515529,-0.5836640600840357,1
2023-10,0.900124036172348,-0.10522270607361658,mendeley,10,2023,-0.8660254037844386,0.5000000000000001,-1.5136344869673162,1.7720931200156225,0.7947730088141661,0.9751715947148725,1.5588356547989082,1.6024857562024077,-1.080394300788489,1
2023-11,1.62950193796835,0.4882744092109112,mendeley,11,2023,-0.5000000000000004,0.8660254037844384,-1.9127366597082123,1.6510235720841067,1.454256080601138,-0.10522270607361658,0.9751715947148725,1.5588356547989082,0.5934971152845278,1
2023-12,5.91976656665489,1.77829701697911,mendeley,12,2023,-2.4492935982947064e-16,1.0,-2.1774120159275543,2.382233374955818,1.6605044134183655,0.4882744092109112,-0.10522270607361658,0.9751715947148725,1.2900226077681987,1
2024-01,6.46668396280373,1.8666634522126053,mendeley,1,2024,0.49999999999999994,0.8660254037844387,-2.3972465235340255,3.0489117629675784,1.3985022549804675,1.77829701697911,0.4882744092109112,-0.10522270607361658,0.08836643523349541,1
2024-02,6.84865724789448,1.924052611000099,mendeley,2,2024,0.8660254037844386,0.5000000000000001,-2.1965283036696674,2.827906015254989,1.4571138122842524,1.8666634522126053,1.77829701697911,0.4882744092109112,0.05738915878749373,1
2025-03,0.288751,-1.242190550485476,semar,3,2025,1.0,6.123233995736766e-17,-1.8917288103506313,2.6235890644746105,0.2475762186465849,1.924052611000099,1.8666634522126053,1.77829701697911,-3.166243161485575,1
2025-04,0.433305,-0.8363134086458271,semar,4,2025,0.8660254037844387,-0.4999999999999998,-1.7304673817582232,2.799039638942793,0.31945027168322676,-1.242190550485476,1.924052611000099,1.8666634522126053,0.40587714183964885,1
2025-05,0.56513,-0.5706994840369148,semar,5,2025,0.49999999999999994,-0.8660254037844387,-1.2776179839026194,2.7397461704542265,0.25802335540759364,-0.8363134086458271,-1.242190550485476,1.924052611000099,0.2656139246089123,1
2025-06,0.5648965,-0.5711127486867438,semar,6,2025,1.2246467991473532e-16,-1.0,-1.3893075586296593,3.2073486432381504,0.2551000533315465,-0.5706994840369148,-0.8363134086458271,-1.242190550485476,-0.0004132646498289372,1
2025-07,0.735927,-0.30662434859617493,semar,7,2025,-0.4999999999999997,-0.8660254037844388,-1.1969100651285831,2.820597258762793,0.3156373047469091,-0.5711127486867438,-0.5706994840369148,-0.8363134086458271,0.26448840009056884,1
2025-08,0.116476,-2.1500700271972963,semar,8,2025,-0.8660254037844384,-0.5000000000000004,-1.077502327774256,2.3729287983395606,-0.45200163619471506,-0.30662434859617493,-0.5711127486867438,-0.5706994840369148,-1.8434456786011215,1
2025-09,0.051507,-2.966037538804116,semar,9,2025,-1.0,-1.8369701987210297e-16,-1.1964691620374177,2.199919635554165,-0.8043786455503589,-2.1500700271972963,-0.30662434859617493,-0.5711127486867438,-0.8159675116068197,1
2025-10,0.006702,-5.005349140457838,semar,10,2025,-0.8660254037844386,0.5000000000000001,-1.5136344869673162,1.7720931200156225,-1.970390051206643,-2.966037538804116,-2.1500700271972963,-0.30662434859617493,-2.039311601653722,1
2025-11,0.019366,-3.9442362761559098,semar,11,2025,-0.5000000000000004,0.8660254037844384,-1.9127366597082123,1.6510235720841067,-1.2304485840158608,-5.005349140457838,-2.966037538804116,-2.1500700271972963,1.0611128643019283,1
2025-12,0.060898,-2.7985549291071496,semar,12,2025,-2.4492935982947064e-16,1.0,-2.1774120159275543,2.382233374955818,-0.26073974099666675,-3.9442362761559098,-5.005349140457838,-2.966037538804116,1.1456813470487601,1
2026-01,0.129226,-2.0461924617508904,semar,1,2026,0.49999999999999994,0.8660254037844387,-2.3972465235340255,3.0489117629675784,0.11514077450422697,-2.7985549291071496,-3.9442362761559098,-5.005349140457838,0.7523624673562592,1
2026-02,0.251865,-1.3788620453322138,semar,2,2026,0.8660254037844386,0.5000000000000001,-2.1965283036696674,2.827906015254989,0.2891419495296507,-2.0461924617508904,-2.7985549291071496,-3.9442362761559098,0.6673304164186766,1
2026-03,0.184716,-1.6889357631524833,semar,3,2026,1.0,6.123233995736766e-17,-1.8917288103506313,2.6235890644746105,0.07729604073447326,-1.3788620453322138,-2.0461924617508904,-2.7985549291071496,-0.3100737178202695,1
2026-04,0.325413,-1.1226601310924467,semar,4,2026,0.8660254037844387,-0.4999999999999998,-1.7304673817582232,2.799039638942793,0.21714849700926261,-1.6889357631524833,-1.3788620453322138,-2.0461924617508904,0.5662756320600366,1
2026-05,0.514581,-0.6644022997538669,semar,5,2026,0.49999999999999994,-0.8660254037844387,-1.2776179839026194,2.7397461704542265,0.22382207912606975,-1.1226601310924467,-1.6889357631524833,-1.3788620453322138,0.4582578313385798,1
