month,log_biomasa,log_seasonal_mean,residuo_ou,delta_log,delta_log_lag1,delta_log_sq,z_score,es_salto
2000-03,-2.7396471505281608,-1.8917288103506313,-0.8479183401775294,,,,-0.3231902250466691,0
2000-04,-3.976684337750019,-1.7304673817582232,-2.246216955991796,-1.2370371872218584,,1.5302610025697672,-0.8024955862505041,0
2000-05,-3.1430351801019767,-1.2776179839026194,-1.8654171961993573,0.8336491576480425,-1.2370371872218584,0.6949709180472908,-0.680872270692904,0
2000-06,-5.476345193436277,-1.3893075586296593,-4.0870376348066175,-2.3333100133343003,0.8336491576480425,5.444335618326113,-1.2742729554590393,0
2000-07,-3.9874698178453873,-1.1969100651285831,-2.7905597527168045,1.4888753755908897,-2.3333100133343003,2.216749884040913,-0.9893506575769827,0
2000-08,-2.010377032491683,-1.077502327774256,-0.9328747047174273,1.9770927853537041,1.4888753755908897,3.908895881897668,-0.39313219400860216,0
2000-09,-2.396218654600201,-1.1964691620374177,-1.1997494925627832,-0.3858416221085177,1.9770927853537041,0.14887375735133215,-0.5453606000750857,0
2000-10,-3.0898528956888964,-1.5136344869673162,-1.5762184087215803,-0.6936342410886955,-0.3858416221085177,0.48112846041069063,-0.8894670324704407,0
2000-11,-3.304329678681762,-1.9127366597082123,-1.3915930189735497,-0.21447678299286554,-0.6936342410886955,0.04600029044296874,-0.8428668387919654,0
2000-12,-4.44937471999693,-2.1774120159275543,-2.271962704069376,-1.1450450413151683,-0.21447678299286554,1.3111281466404554,-0.9537112223992381,0
2001-01,-4.416287951637575,-2.3972465235340255,-2.019041428103549,0.033086768359355645,-1.1450450413151683,0.0010947342404656578,-0.6622170745073869,0
2001-02,-4.7472406157442775,-2.1965283036696674,-2.55071231207461,-0.3309526641067029,0.033086768359355645,0.1095296658793241,-0.9019791670285108,0
2001-03,-3.938437059959798,-1.8917288103506313,-2.046708249609167,0.8088035557844795,-0.3309526641067029,0.6541631918496176,-0.7801176934769061,0
2001-04,-4.939009932535893,-1.7304673817582232,-3.20854255077767,-1.0005728725760954,0.8088035557844795,1.0011460733351791,-1.1463012192244437,0
2001-05,-3.8560176529943364,-1.2776179839026194,-2.5783996690917173,1.082992279541557,-1.0005728725760954,1.1728722775466178,-0.9411089599823186,0
2001-06,-5.0299051130649035,-1.3893075586296593,-3.640597554435244,-1.173887460070567,1.082992279541557,1.3780117689109272,-1.1350800799627707,0
2001-07,-4.070967755247306,-1.1969100651285831,-2.8740576901187227,0.9589373578175975,-1.173887460070567,0.9195608562181949,-1.018953585518047,0
2001-08,-3.359715379216595,-1.077502327774256,-2.282213051442339,0.711252376030711,0.9589373578175975,0.505879942409332,-0.9617705567226883,0
2001-09,-3.3526501707533254,-1.1964691620374177,-2.1561810087159077,0.007065208463269634,0.711252376030711,4.991717062945687e-05,-0.9801180797101076,0
2001-10,-3.2244407156936394,-1.5136344869673162,-1.7108062287263233,0.12820945505968595,0.007065208463269634,0.016437664366701632,-0.9654155356752591,0
2001-11,-3.881593608788681,-1.9127366597082123,-1.9688569490804686,-0.6571528930950414,0.12820945505968595,0.43184992490318297,-1.1925068680849644,0
2001-12,-4.627853679634232,-2.1774120159275543,-2.450441663706678,-0.7462600708455516,-0.6571528930950414,0.5569040933384076,-1.0286320767175572,0
2002-01,-5.061070646420318,-2.3972465235340255,-2.6638241228862927,-0.4332169667860857,-0.7462600708455516,0.18767694031133647,-0.8736966924531556,0
2002-02,-5.749653955952966,-2.1965283036696674,-3.5531256522832986,-0.6885833095326479,-0.4332169667860857,0.4741469741669344,-1.2564511101557658,0
2002-03,-4.308336896417567,-1.8917288103506313,-2.416608086066935,1.4413170595353995,-0.6885833095326479,2.0773948661077704,-0.9211076989112529,0
2002-04,-3.8412258384892315,-1.7304673817582232,-2.1107584567310083,0.46711105792833507,1.4413170595353995,0.2181927404389284,-0.7541009521137932,0
2002-05,-4.132374779874324,-1.2776179839026194,-2.8547567959717046,-0.2911489413850923,0.46711105792833507,0.0847677060696599,-1.0419785696783765,0
2002-06,-3.6909896916342544,-1.3893075586296593,-2.3016821330045953,0.4413850882400694,-0.2911489413850923,0.19482079612069383,-0.7176276697754969,0
2002-07,-3.051665957856896,-1.1969100651285831,-1.8547558927283128,0.6393237337773585,0.4413850882400694,0.4087348365710228,-0.6575755850879149,0
2002-08,-3.9451273205965687,-1.077502327774256,-2.8676249928223125,-0.8934613627396728,0.6393237337773585,0.7982732067086332,-1.2084749423703365,0
2002-09,-3.481903001098958,-1.1964691620374177,-2.28543383906154,0.4632243194976109,-0.8934613627396728,0.21457677017402468,-1.0388715124522419,0
2002-10,-3.355640902361837,-1.5136344869673162,-1.8420064153945208,0.1262620987371208,0.4632243194976109,0.01594211757750244,-1.0394523823772206,0
2002-11,-3.625705560609337,-1.9127366597082123,-1.7129689009011249,-0.27006465824750014,0.1262620987371208,0.07293491963433905,-1.0375193485207628,0
2002-12,-4.907576596215368,-2.1774120159275543,-2.730164580287814,-1.2818710356060312,-0.27006465824750014,1.643193351925679,-1.1460525274264737,0
2003-01,-5.306907360422089,-2.3972465235340255,-2.909660836888064,-0.399330764206721,-1.2818710356060312,0.15946505924192378,-0.9543276628169854,0
2003-02,-4.794005093830723,-2.1965283036696674,-2.5974767901610556,0.5129022665913663,-0.399330764206721,0.26306873507456097,-0.9185159535533023,0
2003-03,-3.1173143088066744,-1.8917288103506313,-1.225585498456043,1.6766907850240487,0.5129022665913663,2.8112919885845606,-0.4671408015269624,0
2003-04,-3.907763159952515,-1.7304673817582232,-2.1772957781942917,-0.7904488511458405,1.6766907850240487,0.6248093862777792,-0.7778724344956629,0
2003-05,-3.635852333018491,-1.2776179839026194,-2.3582343491158717,0.271910826934024,-0.7904488511458405,0.07393549780394476,-0.8607492090133652,0
2003-06,-3.929820944008039,-1.3893075586296593,-2.5405133853783797,-0.2939686109895483,0.271910826934024,0.08641754424712438,-0.7920914337561595,0
2003-07,-3.4288763812031373,-1.1969100651285831,-2.231966316074554,0.5009445628049018,-0.2939686109895483,0.2509454550037942,-0.7913098224641855,0
2003-08,-3.2334159798119337,-1.077502327774256,-2.155913652037678,0.19546040139120358,0.5009445628049018,0.03820476851201041,-0.9085454454201334,0
2003-09,-3.087185107792194,-1.1964691620374177,-1.8907159457547764,0.1462308720197396,0.19546040139120358,0.021383467931653466,-0.8594477339980198,0
2003-10,-1.2975315085301975,-1.5136344869673162,0.21610297843711868,1.7896535992619966,0.1462308720197396,3.202860005351419,0.12194786831248097,0
2003-11,-3.578020574741787,-1.9127366597082123,-1.6652839150335748,-2.2804890662115893,1.7896535992619966,5.2006303811106065,-1.00863727398602,0
2003-12,-4.633302585382526,-2.1774120159275543,-2.4558905694549718,-1.055282010640739,-2.2804890662115893,1.1136201219819608,-1.0309193865191817,0
2004-01,-4.227572531619021,-2.3972465235340255,-1.8303260080849957,0.4057300537635049,-1.055282010640739,0.16461687652693657,-0.6003210818746344,0
2004-02,-3.8782951960566034,-2.1965283036696674,-1.681766892386936,0.3492773355624177,0.4057300537635049,0.12199465713758173,-0.5947039552639776,0
2004-03,-3.089698847661035,-1.8917288103506313,-1.1979700373104036,0.7885963483955685,0.3492773355624177,0.6218842007028248,-0.4566149682249512,0
2004-04,-3.8580599174485575,-1.7304673817582232,-2.1275925356903342,-0.7683610697875225,0.7885963483955685,0.590378733565026,-0.760115185969261,0
2004-05,-5.020831712388231,-1.2776179839026194,-3.743213728485612,-1.1627717949396739,-0.7683610697875225,1.352038247107231,-1.3662629658370942,0
2004-06,-5.136997048080361,-1.3893075586296593,-3.7476894894507016,-0.11616533569212972,-1.1627717949396739,0.013494385216465187,-1.1684696321841148,0
2004-07,-4.583464164094251,-1.1969100651285831,-3.386554098965668,0.5535328839861098,-0.11616533569212972,0.30639865365398006,-1.2006514182216579,0
2004-08,-5.197427785077729,-1.077502327774256,-4.119925457303474,-0.613963620983478,0.5535328839861098,0.37695132789114383,-1.7362195866080605,1
2004-09,-4.177621423720067,-1.1964691620374177,-2.9811522616826496,1.019806361357662,-0.613963620983478,1.0400050146655544,-1.3551187113849685,0
2004-10,-4.448410208422812,-1.5136344869673162,-2.9347757214554964,-0.27078878470274503,1.019806361357662,0.07332656592078961,-1.6561069439904061,1
2004-11,-3.3695630203909364,-1.9127366597082123,-1.456826360682724,1.078847188031876,-0.27078878470274503,1.1639112551242858,-0.8823776869786025,0
2004-12,-2.610944740701818,-2.1774120159275543,-0.43353272477426374,0.7586182796891183,1.078847188031876,0.5755016942784773,-0.18198583284574468,0
2005-01,-4.4898509017542985,-2.3972465235340255,-2.092604378220273,-1.8789061610524804,0.7586182796891183,3.5302883620409697,-0.6863446832529818,0
2005-02,-2.9763968980372573,-2.1965283036696674,-0.7798685943675898,1.5134540037170412,-1.8789061610524804,2.290543021367142,-0.275775994732721,0
2005-03,-3.55985519568628,-1.8917288103506313,-1.6681263853356485,-0.5834582976490226,1.5134540037170412,0.3404235850954954,-0.6358184701725386,0
2005-04,-3.0302616238496505,-1.7304673817582232,-1.2997942420914272,0.5295935718366294,-0.5834582976490226,0.28046935133067913,-0.46437150228510665,0
2005-05,-3.406777463455772,-1.2776179839026194,-2.1291594795531523,-0.37651583960612145,0.5295935718366294,0.14176417747430256,-0.7771374963543268,0
2005-06,-4.92537296817719,-1.3893075586296593,-3.536065409547531,-1.5185955047214184,-0.37651583960612145,2.3061323069600994,-1.1024886293550884,0
2005-07,-4.2715895742646754,-1.1969100651285831,-3.074679509136092,0.6537833939125148,-1.5185955047214184,0.42743272615576655,-1.090081010177521,0
2005-08,-2.9226054069621497,-1.077502327774256,-1.8451030791878937,1.3489841673025258,0.6537833939125148,1.819758283632889,-0.7775636085157679,0
2005-09,-2.920187645358677,-1.1964691620374177,-1.7237184833212593,0.0024177616034726235,1.3489841673025258,5.845571171226511e-06,-0.7835370235636133,0
2005-10,-3.4267596747597353,-1.5136344869673162,-1.9131251877924191,-0.5065720294010583,0.0024177616034726235,0.25661522097150663,-1.0795850207778885,0
2005-11,-2.235212721187299,-1.9127366597082123,-0.3224760614790867,1.1915469535724363,-0.5065720294010583,1.4197841425677538,-0.19531887183901397,0
2005-12,-4.7422293093585255,-2.1774120159275543,-2.564817293430971,-2.5070165881712265,1.1915469535724363,6.285132173365697,-1.0766440099423673,0
2006-01,-7.664380034991697,-2.3972465235340255,-5.267133511457672,-2.9221507256331716,-2.5070165881712265,8.538964863318471,-1.7275454066702953,1
2006-02,-5.909698563182761,-2.1965283036696674,-3.713170259513094,1.7546814718089356,-2.9221507256331716,3.0789070675095727,-1.3130458507045828,0
2006-03,-6.223324147198949,-1.8917288103506313,-4.331595336848317,-0.31362558401618745,1.7546814718089356,0.09836100694949465,-1.6510189783535119,1
2006-04,-3.4952756664172058,-1.7304673817582232,-1.7648082846589825,2.728048480781743,-0.31362558401618745,7.442248513495577,-0.6305049275134799,0
2006-05,-3.556607948534941,-1.2776179839026194,-2.2789899646323217,-0.061332282117735115,2.728048480781743,0.0037616488297694504,-0.8318252213322684,0
2006-06,-4.500732387103753,-1.3893075586296593,-3.1114248284740933,-0.9441244385688119,-0.061332282117735115,0.8913709555028743,-0.970092489020086,0
2006-07,-2.9179388336349428,-1.1969100651285831,-1.7210287685063597,1.58279355346881,-0.9441244385688119,2.5052354329024227,-0.6101646603958126,0
2006-08,-3.1899260657434363,-1.077502327774256,-2.1124237379691806,-0.2719872321084935,1.58279355346881,0.07397705443003953,-0.8902179194956602,0
2006-09,-3.2096088355401085,-1.1964691620374177,-2.0131396735026907,-0.01968276979667216,-0.2719872321084935,0.0003874114268687899,-0.9150969157996429,0
2006-10,-3.4619513411721976,-1.5136344869673162,-1.9483168542048814,-0.25234250563208915,-0.01968276979667216,0.06367674014868095,-1.0994438340732937,0
2006-11,-4.148212050186977,-1.9127366597082123,-2.235475390478765,-0.6862607090147796,-0.25234250563208915,0.4709537607374681,-1.353993624486474,0
2006-12,-4.509422508304113,-2.1774120159275543,-2.332010492376559,-0.36121045811713604,-0.6862607090147796,0.1304729950531913,-0.9789177319454729,0
2007-01,-5.976103180804319,-2.3972465235340255,-3.578856657270294,-1.466680672500206,-0.36121045811713604,2.1511521950856562,-1.1738144411850435,0
2007-02,-4.029195964640167,-2.1965283036696674,-1.8326676609705,1.9469072161641519,-1.466680672500206,3.7904477083520476,-0.6480652649289869,0
2007-03,-3.580529623360875,-1.8917288103506313,-1.6888008130102439,0.44866634127929217,1.9469072161641519,0.20130148579694626,-0.6436986782259044,0
2007-04,-4.916285143435926,-1.7304673817582232,-3.1858177616777024,-1.3357555200750504,0.44866634127929217,1.7842428094109684,-1.138182438488437,0
2007-05,-5.560614649163098,-1.2776179839026194,-4.2829966652604785,-0.6443295057271721,-1.3357555200750504,0.41516051195062187,-1.5632822892313394,1
2007-06,-5.430122960227809,-1.3893075586296593,-4.04081540159815,0.1304916889352885,-0.6443295057271721,0.0170280808811841,-1.2598616025473701,0
2007-07,-4.348174031337616,-1.1969100651285831,-3.151263966209033,1.081948928890193,0.1304916889352885,1.1706134847266356,-1.1172328684710136,0
2007-08,-2.5594257531738718,-1.077502327774256,-1.4819234253996159,1.7887482781637445,1.081948928890193,3.1996204026337605,-0.6245123858906263,0
2007-09,-2.6378601935471493,-1.1964691620374177,-1.4413910315097316,-0.07843444037327751,1.7887482781637445,0.006151961436669226,-0.6552016756496843,0
2007-10,-2.551140815427275,-1.5136344869673162,-1.037506328459959,0.08671937811987407,-0.07843444037327751,0.007520250541497693,-0.5854694184754876,0
2007-11,-3.037108479652351,-1.9127366597082123,-1.1243718199441388,-0.48596766422507587,0.08671937811987407,0.2361645706723761,-0.6810150012121455,0
2007-12,-3.3573212545933067,-2.1774120159275543,-1.1799092386657524,-0.32021277494095557,-0.48596766422507587,0.10253622123538707,-0.4952954026545092,0
2008-01,-3.3845470132037883,-2.3972465235340255,-0.9873004896697628,-0.0272257586104816,-0.32021277494095557,0.0007412419319162129,-0.3238206174614905,0
2008-02,-4.76468301287815,-2.1965283036696674,-2.5681547092084824,-1.3801359996743616,-0.0272257586104816,1.9047753775971494,-0.9081471220594702,0
2008-03,-5.716570547741057,-1.8917288103506313,-3.8248417373904253,-0.951887534862907,-1.3801359996743616,0.906089879027382,-1.4578661685938887,0
2008-04,-5.572672732378898,-1.7304673817582232,-3.8422053506206746,0.14389781536215906,-0.951887534862907,0.02070658126600202,-1.372687009202874,0
2008-05,-3.7971923082421246,-1.2776179839026194,-2.519574324339505,1.7754804241367732,0.14389781536215906,3.152330736492896,-0.91963786700787,0
2008-06,-2.0208701122293795,-1.3893075586296593,-0.6315625535997202,1.776322196012745,1.7754804241367732,3.1553205440475414,-0.19691110130206876,0
2008-07,-3.2635033608266113,-1.1969100651285831,-2.066593295698028,-1.2426332485972318,1.776322196012745,1.5441373905193096,-0.7326793250180296,0
2008-08,-2.9958333451887684,-1.077502327774256,-1.9183310174145125,0.2676700156378429,-1.2426332485972318,0.07164723727156305,-0.8084233369146392,0
2008-09,-2.879838702016902,-1.1964691620374177,-1.6833695399794841,0.11599464317186658,0.2676700156378429,0.013454757244568655,-0.7651959247845158,0
2008-10,-2.941565985452329,-1.5136344869673162,-1.4279314984850127,-0.061727283435426994,0.11599464317186658,0.0038102575203175395,-0.8057880719453525,0
2008-11,-2.929996668790835,-1.9127366597082123,-1.017260009082623,0.011569316661493634,-0.061727283435426994,0.0001338490880139142,-0.6161389978209236,0
2008-12,-4.419967915529572,-2.1774120159275543,-2.2425558996020176,-1.4899712467387367,0.011569316661493634,2.2200143161081853,-0.9413670059272043,0
2009-01,-4.98632534958478,-2.3972465235340255,-2.5890788260507542,-0.5663574340552078,-1.4899712467387367,0.320760743109599,-0.8491812906814799,0
2009-02,-6.314926410435618,-2.1965283036696674,-4.11839810676595,-1.328601060850838,-0.5663574340552078,1.7651807788939724,-1.456341930937404,0
2009-03,-5.2086707925744475,-1.8917288103506313,-3.316941982223816,1.1062556178611702,-1.328601060850838,1.2238014920493994,-1.2642764932731771,0
2009-04,-5.417059886929516,-1.7304673817582232,-3.6865925051712924,-0.20838909435506814,1.1062556178611702,0.04342601464612549,-1.3170919246301676,0
2009-05,-3.1358368475418237,-1.2776179839026194,-1.8582188636392043,2.281223039387692,-0.20838909435506814,5.20397855543322,-0.6782448986254546,0
2009-06,-4.226091709755363,-1.3893075586296593,-2.8367841511257037,-1.0902548622135395,2.281223039387692,1.188655664580264,-0.8844639191646083,0
2009-07,-5.472929162058047,-1.1969100651285831,-4.276019096929463,-1.2468374523026835,-1.0902548622135395,1.5546036324646466,-1.5159977496415302,1
2009-08,-3.678794921549361,-1.077502327774256,-2.6012925937751055,1.7941342405086855,-1.2468374523026835,3.2189176729656777,-1.0962371039515981,0
2009-09,-3.577259980508825,-1.1964691620374177,-2.3807908184714073,0.10153494104053618,1.7941342405086855,0.010309344252105158,-1.0822171773887006,0
2009-10,-2.6837251171282914,-1.5136344869673162,-1.1700906301609753,0.8935348633805336,0.10153494104053618,0.7984045520764688,-0.6602873274236627,0
2009-11,-3.472929902187201,-1.9127366597082123,-1.5601932424789888,-0.7892047850589097,0.8935348633805336,0.6228441927598798,-0.9449854434903908,0
2009-12,-4.497781163288106,-2.1774120159275543,-2.320369147360552,-1.0248512611009053,-0.7892047850589097,1.050320107380116,-0.9740309961880148,0
2010-01,-4.554062012950669,-2.3972465235340255,-2.1568154894166436,-0.05628084966256264,-1.0248512611009053,0.003167534038739977,-0.7074050209040368,0
2010-02,-3.965604090840813,-2.1965283036696674,-1.7690757871711456,0.588457922109856,-0.05628084966256264,0.3462827260938494,-0.625577999278604,0
2010-03,-4.323626558988626,-1.8917288103506313,-2.4318977486379945,-0.358022468147813,0.588457922109856,0.1281800876986518,-0.9269354646913794,0
2010-04,-4.69955083199189,-1.7304673817582232,-2.9690834502336667,-0.3759242730032639,-0.358022468147813,0.1413190590330325,-1.0607507692728138,0
2010-05,-3.0188814156433117,-1.2776179839026194,-1.7412634317406923,1.6806694163485782,-0.3759242730032639,2.8246496870494706,-0.6355564798369645,0
2010-06,-4.05485374483218,-1.3893075586296593,-2.665546186202521,-1.0359723291888687,1.6806694163485782,1.0732386668450098,-0.8310746609421844,0
2010-07,-3.069570315579333,-1.1969100651285831,-1.87266025045075,0.9852834292528474,-1.0359723291888687,0.9707834359602507,-0.6639233037020537,0
2010-08,-2.7706383886138384,-1.077502327774256,-1.6931360608395825,0.29893192696549464,0.9852834292528474,0.08936029695930382,-0.7135216454974721,0
2010-09,-3.8724570413372907,-1.1964691620374177,-2.675987879299873,-1.1018186527234524,0.29893192696549464,1.2140043434893237,-1.2164025612807376,0
2010-10,-2.540681773203073,-1.5136344869673162,-1.0270472862357567,1.3317752681342179,-1.1018186527234524,1.773625364813968,-0.5795673346029934,0
2010-11,-2.774742552166077,-1.9127366597082123,-0.8620058924578649,-0.23406077896300426,1.3317752681342179,0.05478444824876834,-0.5221039281527304,0
2010-12,-3.0372523066641364,-2.1774120159275543,-0.8598402907365821,-0.26250975449805924,-0.23406077896300426,0.06891137120663134,-0.3609387307624842,0
2011-01,-5.525173114904738,-2.3972465235340255,-3.1279265913707124,-2.4879208082406015,-0.26250975449805924,6.189749948076567,-1.0259157478293917,0
2011-02,-2.826252939259023,-2.1965283036696674,-0.6297246355893558,2.6989201756457146,-2.4879208082406015,7.2841701145074955,-0.22268230704710115,0
2011-03,-3.2670049128094294,-1.8917288103506313,-1.375276102458798,-0.4407519735504062,2.6989201756457146,0.19426230218857796,-0.5241964609020069,0
2011-04,-1.6743371429224814,-1.7304673817582232,0.056130238835741864,1.592667769886948,-0.4407519735504062,2.5365906252366646,0.02005339190442564,0
2011-05,-0.7963111953805047,-1.2776179839026194,0.4813067885221147,0.8780259475419767,1.592667769886948,0.770929564556986,0.17567568620501736,0
2011-06,-0.19269879001729234,-1.3893075586296593,1.196608768612367,0.6036124053632124,0.8780259475419767,0.364347935908363,0.37308347227392985,0
2011-07,0.049494269218597696,-1.1969100651285831,1.246404334347181,0.24219305923589005,0.6036124053632124,0.05865747794203934,0.44189376220761656,0
2011-08,-0.034106826369416615,-1.077502327774256,1.0433955014048393,-0.08360109558801432,0.24219305923589005,0.006989143183516307,0.4397078842546593,0
2011-09,-0.023276168355216568,-1.1964691620374177,1.1731929936822012,0.010830658014200047,-0.08360109558801432,0.00011730315302055571,0.5332890232541023,0
2011-10,-1.17075031874951,-1.5136344869673162,0.3428841682178061,-1.1474741503942936,0.010830658014200047,1.3166969258231058,0.19349105548967047,0
2011-11,-1.625559326750756,-1.9127366597082123,0.2871773329574563,-0.4548090080012459,-1.1474741503942936,0.20685123375907735,0.17393896599244124,0
2011-12,-2.4091763171404743,-2.1774120159275543,-0.23176430121292002,-0.7836169903897183,-0.4548090080012459,0.61405558762744,-0.09728866350771297,0
2012-01,-2.1790533510601957,-2.3972465235340255,0.21819317247382974,0.2301229660802786,-0.7836169903897183,0.052956579517585055,0.07156427913855308,0
2012-02,-1.4524818837224531,-2.1965283036696674,0.7440464199472143,0.7265714673377426,0.2301229660802786,0.5279060971493204,0.2631086096686012,0
2012-03,-0.8470647383923774,-1.8917288103506313,1.044664071958254,0.6054171453300757,0.7265714673377426,0.366529919859618,0.39818128765049354,0
2012-04,-0.6070123634990304,-1.7304673817582232,1.1234550182591927,0.24005237489334696,0.6054171453300757,0.057625142691936,0.40137159996902566,0
2012-05,-0.016431348541480515,-1.2776179839026194,1.261186635361139,0.5905810149575499,0.24005237489334696,0.34878593522828977,0.4603297374632501,0
2012-06,0.4350872656114921,-1.3893075586296593,1.8243948242411514,0.4515186141529726,0.5905810149575499,0.20386905892662097,0.5688171219201278,0
2012-07,0.4015601196175534,-1.1969100651285831,1.5984701847461364,-0.03352714599393869,0.4515186141529726,0.0011240695184988791,0.5667133724178963,0
2012-08,-0.5331514589062891,-1.077502327774256,0.5443508688679668,-0.9347115785238425,-0.03352714599393869,0.8736857350265333,0.22940042248586318,0
2012-09,-1.1455217207570212,-1.1964691620374177,0.05094744128039652,-0.6123702618507321,-0.9347115785238425,0.3749973375991342,0.02315877382837339,0
2012-10,-1.679895141405644,-1.5136344869673162,-0.16626065443832783,-0.5343734206486228,-0.6123702618507321,0.28555495269570996,-0.09382162402214062,0
2012-11,-2.719268647506667,-1.9127366597082123,-0.8065319877984547,-1.039373506101023,-0.5343734206486228,1.0802972851847332,-0.4885042233408938,0
2012-12,-3.175370758939752,-2.1774120159275543,-0.9979587430121977,-0.456102111433085,-1.039373506101023,0.20802913605371828,-0.4189172872413082,0
2013-01,-4.706988953198272,-2.3972465235340255,-2.309742429664247,-1.5316181942585203,-0.456102111433085,2.3458542929837303,-0.7575628975946879,0
2013-02,-4.438720664799141,-2.1965283036696674,-2.2421923611294736,0.2682682883991312,-1.5316181942585203,0.07196787456059943,-0.792880792018577,0
2013-03,-2.8738183737589855,-1.8917288103506313,-0.9820895634083542,1.5649022910401555,0.2682682883991312,2.4489191805027275,-0.3743305598832504,0
2013-04,-3.14149170199212,-1.7304673817582232,-1.4110243202338966,-0.2676733282331343,1.5649022910401555,0.07164901064740324,-0.5041101600000368,0
2013-05,-2.8994562581891525,-1.2776179839026194,-1.6218382742865332,0.24203544380296727,-0.2676733282331343,0.05858115605689933,-0.5919666178482681,0
2013-06,-4.112644206523137,-1.3893075586296593,-2.7233366478934773,-1.2131879483339842,0.24203544380296727,1.471824997982822,-0.8490928024413296,0
2013-07,-3.7094507946438364,-1.1969100651285831,-2.512540729515253,0.40319341187930036,-1.2131879483339842,0.16256492738287115,-0.8907832274563495,0
2013-08,-3.2740324538003316,-1.077502327774256,-2.196530126026076,0.43541834084350484,0.40319341187930036,0.18958913154291054,-0.9256620458073085,0
2013-09,-3.390843045674666,-1.1964691620374177,-2.1943738836372484,-0.11681059187433451,0.43541834084350484,0.013644714374032344,-0.9974791115878561,0
2013-10,-3.848459341701777,-1.5136344869673162,-2.334824854734461,-0.45761629602711107,-0.11681059187433451,0.20941267438957256,-1.317552011439375,0
2013-11,-3.481732596176485,-1.9127366597082123,-1.5689959364682728,0.36672674552529205,-0.45761629602711107,0.1344885058835723,-0.9503171020676044,0
2013-12,-4.406839770794917,-2.1774120159275543,-2.229427754867363,-0.9251071746184323,0.36672674552529205,0.8558232845304986,-0.9358561500754353,0
2014-01,-3.9046614654299376,-2.3972465235340255,-1.5074149418959122,0.5021783053649798,-0.9251071746184323,0.2521830503792429,-0.49441081247582885,0
2014-02,-4.194814450950042,-2.1965283036696674,-1.9982861472803743,-0.29015298552010416,0.5021783053649798,0.08418875500622977,-0.7066310324673896,0
2014-03,-0.7999371118802563,-1.8917288103506313,1.091791698470375,3.3948773390697857,-0.29015298552010416,11.525192147329548,0.416144324297606,0
2014-04,-0.07005817100651843,-1.7304673817582232,1.6604092107517048,0.7298789408737378,3.3948773390697857,0.5327232683309693,0.5932067512194458,0
2014-05,0.8747709724335438,-1.2776179839026194,2.1523889563361633,0.9448291434400623,0.7298789408737378,0.8927021102936818,0.7856161930429182,0
2014-06,1.0965415892753958,-1.3893075586296593,2.4858491479050553,0.22177061684185195,0.9448291434400623,0.04918220649441551,0.7750479989588327,0
2014-07,1.0292621523361407,-1.1969100651285831,2.2261722174647236,-0.06727943693925509,0.22177061684185195,0.004526522634863202,0.7892556126361677,0
2014-08,1.0481495016960602,-1.077502327774256,2.125651829470316,0.018887349359919536,-0.06727943693925509,0.00035673196584365294,0.8957925037437807,0
2014-09,1.0629230629730855,-1.1964691620374177,2.259392225010503,0.014773561277025227,0.018887349359919536,0.00021825811280601926,1.0270339827397181,0
2014-10,0.7226028848914275,-1.5136344869673162,2.236237371858744,-0.34032017808165793,0.014773561277025227,0.11581782360953137,1.2619186579986437,0
2014-11,-0.13451516169478664,-1.9127366597082123,1.7782214980134257,-0.8571180465862142,-0.34032017808165793,0.7346513457837676,1.077041859413767,0
2014-12,0.14754111587986304,-2.1774120159275543,2.3249531318074173,0.2820562775746497,-0.8571180465862142,0.07955574371926782,0.9759552343819113,0
2015-01,0.19965627492184596,-2.3972465235340255,2.5969027984558712,0.05211515904198291,0.2820562775746497,0.0027159898019711733,0.8517474431363156,0
2015-02,0.62867760659381,-2.1965283036696674,2.8252059102634774,0.42902133167196405,0.05211515904198291,0.18405930302958537,0.9990451928115907,0
2015-03,1.0406497078649544,-1.8917288103506313,2.932378518215586,0.41197210127114436,0.42902133167196405,0.16972101222576202,1.1176973398472418,0
2015-04,1.1031320813024237,-1.7304673817582232,2.833599463060647,0.06248237343746932,0.41197210127114436,0.0039040469903793714,1.012347029187092,0
2015-05,1.603236246243873,-1.2776179839026194,2.8808542301464923,0.5001041649414493,0.06248237343746932,0.2501041757917843,1.0515040631186907,0
2015-06,1.8046068065618854,-1.3893075586296593,3.193914365191545,0.20137056031801248,0.5001041649414493,0.040550102562790305,0.9958114070090484,0
2015-07,2.052956791153736,-1.1969100651285831,3.2498668562823188,0.24834998459185043,0.20137056031801248,0.06167771484677234,1.1521910284021963,0
2015-08,1.8220576737954606,-1.077502327774256,2.8995600015697165,-0.23089911735827529,0.24834998459185043,0.053314402396830586,1.2219329984105136,0
2015-09,1.403218957594886,-1.1964691620374177,2.5996881196323036,-0.41883871620057467,-0.23089911735827529,0.17542587018854552,1.1817195853963258,0
2015-10,0.6676371254984627,-1.5136344869673162,2.1812716124657787,-0.7355818320964232,-0.41883871620057467,0.5410806317103306,1.230901236412762,0
2015-11,-0.09297736252172026,-1.9127366597082123,1.819759297186492,-0.7606144880201829,-0.7355818320964232,0.578534399386205,1.1022006759657514,0
2015-12,-0.3958709668403951,-2.1774120159275543,1.7815410490871593,-0.30289360431867485,-0.7606144880201829,0.09174453553715796,0.7478448869939959,0
2016-01,-0.4176573574042597,-2.3972465235340255,1.9795891661297658,-0.02178639056386461,-0.30289360431867485,0.00047464681380124895,0.6492772897445167,0
2016-02,-2.2455062106780153,-2.1965283036696674,-0.04897790700834781,-1.8278488532737556,-0.02178639056386461,3.341031430414183,-0.017319496031388274,0
2016-03,-1.7889625578542891,-1.8917288103506313,0.10276625249634219,0.4565436528237261,-1.8278488532737556,0.20843210693363096,0.03917010247064807,0
2016-04,-1.299257082790533,-1.7304673817582232,0.43121029896769025,0.48970547506375617,0.4565436528237261,0.23981145230741913,0.15405651744559068,0
2016-05,-0.9353739248299615,-1.2776179839026194,0.34224405907265787,0.36388315796057147,0.48970547506375617,0.1324109526473582,0.12491816313622832,0
2016-06,0.03791693396768835,-1.3893075586296593,1.4272244925973476,0.9732908587976499,0.36388315796057147,0.9472950958190668,0.44498576592422356,0
2016-07,0.29027406430995134,-1.1969100651285831,1.4871841294385344,0.252357130342263,0.9732908587976499,0.0636841212345819,0.5272585885199584,0
2016-08,0.024448654189174655,-1.077502327774256,1.1019509819634306,-0.2658254101207767,0.252357130342263,0.07066314866587914,0.4643843434048727,0
2016-09,0.2389965490719235,-1.1964691620374177,1.4354657111093412,0.21454789488274884,-0.2658254101207767,0.04603079919861904,0.6525082498060181,0
2016-10,-0.012679116896142779,-1.5136344869673162,1.5009553700711733,-0.2516756659680663,0.21454789488274884,0.06334064084046968,0.8469957662596992,0
2016-11,-1.511023497441965,-1.9127366597082123,0.4017131622662473,-1.498344380545822,-0.2516756659680663,2.2450358827132435,0.24331158504245945,0
2016-12,-1.327421109483901,-2.1774120159275543,0.8499909064436533,0.18360238795806394,-1.498344380545822,0.03370983686390342,0.35680421380185623,0
2017-01,-0.12239863832672304,-2.3972465235340255,2.2748478852073024,1.205022471157178,0.18360238795806394,1.4520791559937518,0.7461179798109798,0
2017-02,-0.15880443941256503,-2.1965283036696674,2.0377238642571025,-0.03640580108584199,1.205022471157178,0.0013253823527018937,0.7205769404162335,0
2017-03,-0.12730081356100448,-1.8917288103506313,1.7644279967896268,0.03150362585156055,-0.03640580108584199,0.0009924784417951144,0.6725245278238587,0
2017-04,0.5443541325074872,-1.7304673817582232,2.27482151426571,0.6716549460684917,0.03150362585156055,0.45112036657826854,0.8127150050382703,0
2017-05,0.7848400380328107,-1.2776179839026194,2.06245802193543,0.24048590552532345,0.6716549460684917,0.0578334707563348,0.7527916433198233,0
2017-06,1.536624081938065,-1.3893075586296593,2.9259316405677245,0.7517840439052543,0.24048590552532345,0.5651792486705374,0.9122586803078863,0
2017-07,1.4159475396967078,-1.1969100651285831,2.612857604825291,-0.12067654224135715,0.7517840439052543,0.014562827847330057,0.9263490548705193,0
2017-08,1.2456500118319398,-1.077502327774256,2.323152339606196,-0.17029752786476804,-0.12067654224135715,0.029001247996851446,0.9790231975067286,0
2017-09,1.2191326957899937,-1.1964691620374177,2.4156018578274114,-0.02651731604194607,-0.17029752786476804,0.0007031680500684505,1.0980409551273975,0
2017-10,0.10921071519558473,-1.5136344869673162,1.622845202162901,-1.109921980594409,-0.02651731604194607,1.2319268030066155,0.9157787386187664,0
2017-11,0.15950080667757574,-1.9127366597082123,2.072237466385788,0.05029009148199101,-1.109921980594409,0.002529093301267025,1.2551228834183017,0
2017-12,0.8444078694703164,-2.1774120159275543,3.021819885397871,0.6849070627927407,0.05029009148199101,0.46909768466337926,1.2684818864373077,0
2018-01,1.6436468717846884,-2.3972465235340255,4.040893395318713,0.799239002314372,0.6849070627927407,0.6387829828204726,1.3253559661515477,0
2018-02,2.2389330114805968,-2.1965283036696674,4.435461315150264,0.5952861396959084,0.799239002314372,0.35436558811405655,1.5684613601807853,1
2018-03,2.119736424604561,-1.8917288103506313,4.0114652349551925,-0.11919658687603585,0.5952861396959084,0.014207826322896362,1.5289990682128844,1
2018-04,2.1977583231785847,-1.7304673817582232,3.928225704936808,0.07802189857402375,-0.11919658687603585,0.00608741665709525,1.4034191049972098,0
2018-05,2.3906626486784512,-1.2776179839026194,3.6682806325810704,0.19290432549986658,0.07802189857402375,0.037212078796558475,1.3389125869178242,0
2018-06,2.645242449900913,-1.3893075586296593,4.034550008530572,0.2545798012224618,0.19290432549986658,0.06481087519046817,1.2579081532144496,0
2018-07,2.374194517306186,-1.1969100651285831,3.571104582434769,-0.27104793259472704,0.2545798012224618,0.07346698176387569,1.2660809944916323,0
2018-08,1.779185937120419,-1.077502327774256,2.856688264894675,-0.595008580185767,-0.27104793259472704,0.3540352104946823,1.203865984893277,0
2018-09,1.3446136213997497,-1.1964691620374177,2.5410827834371674,-0.43457231572066934,-0.595008580185767,0.1888530975908251,1.1550798230850206,0
2018-10,0.8186598740873733,-1.5136344869673162,2.3322943610546893,-0.5259537473123764,-0.43457231572066934,0.2766273443119311,1.316124042642933,0
2018-11,0.8119213819145994,-1.9127366597082123,2.7246580416228117,-0.006738492172773891,-0.5259537473123764,4.5407276762534996e-05,1.650284155654691,1
2018-12,1.377094628435059,-2.1774120159275543,3.554506644362613,0.5651732465204595,-0.006738492172773891,0.31942079858247613,1.4920900201175866,0
2019-01,1.483915705483994,-2.3972465235340255,3.8811622290180194,0.10682107704893506,0.5651732465204595,0.011410742501894522,1.2729663994081586,0
2019-02,1.0626073401133758,-2.1965283036696674,3.2591356437830434,-0.4213083653706182,0.10682107704893506,0.17750073873126235,1.1524907921981173,0
2019-03,0.890173881660346,-1.8917288103506313,2.781902692010977,-0.17243345845302982,-0.4213083653706182,0.029733297594072762,1.0603423873349884,0
2019-04,1.2650530960197461,-1.7304673817582232,2.995520477777969,0.3748792143594002,-0.17243345845302982,0.14053442535872113,1.0701958043400155,0
2019-05,1.5565148603702015,-1.2776179839026194,2.834132844272821,0.29146176435045534,0.3748792143594002,0.08494996007828036,1.0344508826534635,0
2019-06,1.8688465497178501,-1.3893075586296593,3.2581541083475094,0.31233168934764866,0.29146176435045534,0.0975510841707561,1.0158403313018274,0
2019-07,1.6971583671218873,-1.1969100651285831,2.8940684322504704,-0.17168818259596286,0.31233168934764866,0.029476832043104684,1.0260480907933323,0
2019-08,1.3728295526230827,-1.077502327774256,2.4503318803973384,-0.3243288144988046,-0.17168818259596286,0.10518917991419999,1.0326192181206364,0
2019-09,0.7638037983739417,-1.1964691620374177,1.9602729604113596,-0.609025754249141,-0.3243288144988046,0.37091236933873506,0.891065713824388,0
2019-10,-0.39988861566152056,-1.5136344869673162,1.1137458713057957,-1.1636924140354623,-0.609025754249141,1.3541800344836818,0.6284917303307272,0
2019-11,-1.4020403108785822,-1.9127366597082123,0.5106963488296301,-1.0021516952170617,-1.1636924140354623,1.0043080202264305,0.3093210523850802,0
2019-12,-1.3983898462281237,-2.1774120159275543,0.7790221696994306,0.003650464650458485,-1.0021516952170617,1.3325892164246987e-05,0.32701337236276384,0
2020-01,-0.34805053680138204,-2.3972465235340255,2.0491959867326432,1.0503393094267417,0.003650464650458485,1.1032126649270446,0.6721073438800053,0
2020-02,0.1502939179409806,-2.1965283036696674,2.346822221610648,0.49834445474236266,1.0503393094267417,0.24834719557246274,0.8298798506565778,0
2020-03,0.9606020575250896,-1.8917288103506313,2.852330867875721,0.8103081395841091,0.49834445474236266,0.65659928107626,1.0871865973594905,0
2020-04,1.2174915490972227,-1.7304673817582232,2.947958930855446,0.25688949157213303,0.8103081395841091,0.06599221088018901,1.0532037095297802,0
2020-05,1.6913956971584863,-1.2776179839026194,2.9690136810611056,0.4739041480612636,0.25688949157213303,0.22458514154967202,1.0836820261231968,0
2020-06,2.1757786611435797,-1.3893075586296593,3.5650862197732387,0.4843829639850934,0.4739041480612636,0.2346268557989843,1.1115368537465622,0
2020-07,1.6298763035756227,-1.1969100651285831,2.826786368704206,-0.5459023575679569,0.4843829639850934,0.2980093839982535,1.002194255107561,0
2020-08,0.9429336769105586,-1.077502327774256,2.0204360046848144,-0.6869426266650641,-0.5459023575679569,0.47189017232949765,0.8514524355297132,0
2020-09,1.0378948707696531,-1.1964691620374177,2.234364032807071,0.09496119385909452,-0.6869426266650641,0.00901762833914453,1.0156571161492587,0
2020-10,0.2751483939272205,-1.5136344869673162,1.7887828808945367,-0.7627464768424326,0.09496119385909452,0.5817821879355435,1.0094181060184733,0
2020-11,0.12192322085184906,-1.9127366597082123,2.0346598805600613,-0.15322517307537145,-0.7627464768424326,0.023477953663977535,1.23236270817847,0
2020-12,0.8293018287072671,-2.1774120159275543,3.006713844634821,0.7073786078554181,-0.15322517307537145,0.5003844948514693,1.2621407609531894,0
2021-01,1.3497439473990254,-2.3972465235340255,3.746990470933051,0.5204421186917583,0.7073786078554181,0.2708599989083662,1.2289599575968102,0
2021-02,1.018344633634936,-2.1965283036696674,3.2148729373046034,-0.3313993137640894,0.5204421186917583,0.10982550516330936,1.136838678499972,0
2021-03,1.5201520855032629,-1.8917288103506313,3.411880895853894,0.5018074518683269,-0.3313993137640894,0.2518107187505832,1.3004631487656944,0
2021-04,1.7726605879881427,-1.7304673817582232,3.503127969746366,0.2525085024848799,0.5018074518683269,0.0637605438271566,1.251546395059096,0
2021-05,2.362913226706499,-1.2776179839026194,3.6405312106091188,0.5902526387183564,0.2525085024848799,0.3483981775139826,1.3287841223647188,0
2021-06,2.552658860470171,-1.3893075586296593,3.9419664190998303,0.18974563376367204,0.5902526387183564,0.03600340553237756,1.2290420710609145,0
2021-07,2.286708889199811,-1.1969100651285831,3.483618954328394,-0.26594997127036013,0.18974563376367204,0.07072938721870538,1.23506429126164,0
2021-08,1.9534839292867188,-1.077502327774256,3.0309862570609747,-0.3332249599130923,-0.26594997127036013,0.11103887390908197,1.2773186701522123,0
2021-09,1.4920230065351643,-1.1964691620374177,2.6884921685725818,-0.4614609227515545,-0.3332249599130923,0.21294618322671613,1.2220865367635778,0
2021-10,0.32618621959257565,-1.5136344869673162,1.839820706559892,-1.1658367869425885,-0.4614609227515545,1.3591754137886185,1.0382189771966794,0
2021-11,-0.24578844028197966,-1.9127366597082123,1.6669482194262326,-0.5719746598745553,-1.1658367869425885,0.32715501153861326,1.009645317978122,0
2021-12,0.2955229298264841,-2.1774120159275543,2.472934945754038,0.5413113701084638,-0.5719746598745553,0.2930179994087022,1.0380741751634228,0
2022-01,1.066098112075932,-2.3972465235340255,3.4633446356099578,0.770575182249448,0.5413113701084638,0.59378611149877,1.1359281293988652,0
2022-02,0.9305633552979663,-2.1965283036696674,3.127091658967634,-0.13553475677796578,0.770575182249448,0.01836967029486234,1.1057975909024924,0
2022-03,1.0382777122050426,-1.8917288103506313,2.930006522555674,0.10771435690707631,-0.13553475677796578,0.011602382683905019,1.1167932364981197,0
2022-04,2.432449441756794,-1.7304673817582232,4.162916823515017,1.3941717295517513,0.10771435690707631,1.9437148114813214,1.4872661199922719,0
2022-05,2.767868815205618,-1.2776179839026194,4.045486799108238,0.3354193734488242,1.3941717295517513,0.1125061560848018,1.4765918254527683,0
2022-06,3.0687924108755453,-1.3893075586296593,4.458099969505205,0.3009235956699272,0.3354193734488242,0.09055501043091783,1.389964255648956,0
2022-07,2.6198398157674423,-1.1969100651285831,3.816749880896025,-0.44895259510810304,0.3009235956699272,0.2015584326543003,1.3531708112664682,0
2022-08,2.096947658667503,-1.077502327774256,3.1744499864417586,-0.5228921570999394,-0.44895259510810304,0.27341620795662774,1.3377771758946397,0
2022-09,1.899393644939304,-1.1964691620374177,3.095862806976722,-0.1975540137281988,-0.5228921570999394,0.039027588340121364,1.4072617730860277,0
2022-10,0.9919232779202615,-1.5136344869673162,2.5055577648875778,-0.9074703670190426,-0.1975540137281988,0.8235024670176759,1.4138973491785178,0
2022-11,0.08302050898415997,-1.9127366597082123,1.9957571686923723,-0.9089027689361016,-0.9074703670190426,0.8261042433797124,1.2087999241422727,0
2022-12,1.3760417775367968,-2.1774120159275543,3.5534537934643513,1.2930212685526368,-0.9089027689361016,1.6719040009294701,1.491648060522305,0
2023-01,2.1274494718193635,-2.3972465235340255,4.5246959953533885,0.7514076942825667,1.2930212685526368,0.5646135230270433,1.4840363864611792,0
2023-02,1.776128626286802,-2.1965283036696674,3.9726569299564694,-0.3513208455325616,0.7514076942825667,0.12342633650571401,1.404805148589162,0
2023-03,2.539016319401406,-1.8917288103506313,4.4307451297520375,0.762887693114604,-0.3513208455325616,0.5819976323057222,1.6888106410213755,1
2023-04,2.381889159342226,-1.7304673817582232,4.112356541100449,-0.15712716005918015,0.762887693114604,0.024688944428263217,1.4692026807643568,0
2023-05,2.2165608994071757,-1.2776179839026194,3.494178883309795,-0.16532825993505007,-0.15712716005918015,0.027333433533151482,1.2753659156426487,0
2023-06,2.161967852515529,-1.3893075586296593,3.5512754111451885,-0.05459304689164668,-0.16532825993505007,0.0029804007689135333,1.1072308645435591,0
2023-07,1.6024857562024077,-1.1969100651285831,2.799395821330991,-0.5594820963131213,-0.05459304689164668,0.31302021609492475,0.9924833517561092,0
2023-08,1.5588356547989082,-1.077502327774256,2.6363379825731643,-0.043650101403499564,-0.5594820963131213,0.0019053313525357945,1.1110059368059937,0
2023-09,0.9751715947148725,-1.1964691620374177,2.17164075675229,-0.5836640600840357,-0.043650101403499564,0.34066373503378083,0.9871454946149653,0
2023-10,-0.10522270607361658,-1.5136344869673162,1.4084117808936996,-1.080394300788489,-0.5836640600840357,1.1672518451762481,0.7947730088141661,0
2023-11,0.4882744092109112,-1.9127366597082123,2.4010110689191233,0.5934971152845278,-1.080394300788489,0.35223882585105604,1.454256080601138,0
2023-12,1.77829701697911,-2.1774120159275543,3.955709032906664,1.2900226077681987,0.5934971152845278,1.6641583285530637,1.6605044134183655,1
2024-01,1.8666634522126053,-2.3972465235340255,4.263909975746631,0.08836643523349541,1.2900226077681987,0.007808626875875539,1.3985022549804675,0
2024-02,1.924052611000099,-2.1965283036696674,4.120580914669766,0.05738915878749373,0.08836643523349541,0.003293515546336169,1.4571138122842524,0
