month,Mend_NSS_Mt,Mend_SSS_Mt,Mend_GSR_Mt,Mend_ACR_Mt,Mend_GASB_Mt,Mend_NWGoM_Mt,num_conglomerados,corriente_xcalak_nudos,corriente_mahahual_nudos,corriente_tulum_nudos,corriente_playa_carmen_nudos,corriente_puerto_morelos_nudos,corriente_cancun_nudos,SEMAR_CM_Mt,SEMAR_CC_Mt,SEMAR_CO_Mt,SEMAR_ACO_Mt,semaforo_mensual,conglomerado_cozumel,viento_norte_nudos,viento_sur_nudos,corriente_xcalak_dir,corriente_mahahual_dir,corriente_tulum_dir,corriente_playa_carmen_dir,corriente_puerto_morelos_dir,corriente_cancun_dir,viento_norte_dir,viento_sur_dir,aligned_CM,aligned_ACO,aligned_CO,fuente
2000-03,0.000538976802839031,0.00449951867541362,0.00445051781377749,0.00217618452916778,0.0645931335260319,0.0772513013102624,,,,,,,,,,,,,,,,,,,,,,,,0.0772513013102624,0.0645931335260319,0.00217618452916778,mendeley
2000-04,0.000544824895338806,0.000578709622329264,0.00500829105413929,0.00320698946291286,0.0187476964316878,0.103006082965017,,,,,,,,,,,,,,,,,,,,,,,,0.103006082965017,0.0187476964316878,0.00320698946291286,mendeley
2000-05,0.000200828543038515,0.000101697847645511,0.0113836771471885,0.00143541095568998,0.0431516249809181,0.0481697822187271,,,,,,,,,,,,,,,,,,,,,,,,0.0481697822187271,0.0431516249809181,0.00143541095568998,mendeley
2000-06,0.000102599473805757,5.36545503216104e-05,0.0170355575596213,0.00093555190899599,0.00418459467154766,0.0275208355155925,,,,,,,,,,,,,,,,,,,,,,,,0.0275208355155925,0.00418459467154766,0.00093555190899599,mendeley
2000-07,0.00254088893879421,9.86079076454303e-05,0.0119608967344177,0.00165844325916501,0.0185465800322606,0.0451279779228998,,,,,,,,,,,,,,,,,,,,,,,,0.0451279779228998,0.0185465800322606,0.00165844325916501,mendeley
2000-08,0.00560428081993965,1.62869305002573e-05,0.00816257205654731,0.000630176750056251,0.13393816510722,0.00168411785099815,,,,,,,,,,,,,,,,,,,,,,,,0.00168411785099815,0.13393816510722,0.000630176750056251,mendeley
2000-09,0.0160713935455449,0.0,0.0175290949023875,0.00268026110444526,0.0910616375916636,0.00058030477207933,,,,,,,,,,,,,,,,,,,,,,,,0.00058030477207933,0.0910616375916636,0.00268026110444526,mendeley
2000-10,0.0255416211928293,0.000112976977089531,0.00877875697581553,0.00255580328243281,0.0455086474306261,4.67594821418515e-05,,,,,,,,,,,,,,,,,,,,,,,,4.67594821418515e-05,0.0455086474306261,0.00255580328243281,mendeley
2000-11,0.0485379461365244,0.00274060366725968,0.027127025801957,0.000732129424329003,0.0367238193473263,0.000388113168826749,,,,,,,,,,,,,,,,,,,,,,,,0.000388113168826749,0.0367238193473263,0.000732129424329003,mendeley
2000-12,0.0980029615566288,0.00897475398320734,0.013572131510503,0.000391171120572381,0.0116858706282768,1.9725512847117e-05,,,,,,,,,,,,,,,,,,,,,,,,1.9725512847117e-05,0.0116858706282768,0.000391171120572381,mendeley
2001-01,0.00761379243743102,0.0170167291779183,0.00125807461155068,0.000769531577132,0.0120789859513221,0.000419590106408464,,,,,,,,,,,,,,,,,,,,,,,,0.000419590106408464,0.0120789859513221,0.000769531577132,mendeley
2001-02,0.00020104405288825,0.00496789175246268,0.00393759167527365,0.00206079613857193,0.00867560052284164,0.00153488736003618,,,,,,,,,,,,,,,,,,,,,,,,0.00153488736003618,0.00867560052284164,0.00206079613857193,mendeley
2001-03,3.15807420207648e-05,0.000447748792243544,0.00363843035133874,0.00043849112915845,0.0194786339051718,0.0476328069969562,,,,,,,,,,,,,,,,,,,,,,,,0.0476328069969562,0.0194786339051718,0.00043849112915845,mendeley
2001-04,5.87225677589913e-05,0.000333491809583578,0.00493494297644241,0.00195662320723839,0.00716168441512812,0.0698852671600818,,,,,,,,,,,,,,,,,,,,,,,,0.0698852671600818,0.00716168441512812,0.00195662320723839,mendeley
2001-05,0.000162504748076287,0.000493789652098144,0.0158648851938876,0.00111379131523341,0.0211520658894672,0.064780554626982,,,,,,,,,,,,,,,,,,,,,,,,0.064780554626982,0.0211520658894672,0.00111379131523341,mendeley
2001-06,2.73959121841472e-06,2.93802124249396e-05,0.000976666736404923,0.00200732154593212,0.00653943004768047,0.0313051944685751,,,,,,,,,,,,,,,,,,,,,,,,0.0313051944685751,0.00653943004768047,0.00200732154593212,mendeley
2001-07,0.000195278978476566,0.0,0.00632489360217264,0.00238235383150614,0.0170608687694833,0.0792182589956818,,,,,,,,,,,,,,,,,,,,,,,,0.0792182589956818,0.0170608687694833,0.00238235383150614,mendeley
2001-08,0.00262193087124177,8.2981912411924e-05,0.0162819084665934,0.00103859993924194,0.0347451457284188,0.0209493406061109,,,,,,,,,,,,,,,,,,,,,,,,0.0209493406061109,0.0347451457284188,0.00103859993924194,mendeley
2001-09,0.0161979900949023,7.90209594564999e-05,0.0167574855320639,0.00205158096132507,0.0349914966687553,0.00142513831119663,,,,,,,,,,,,,,,,,,,,,,,,0.00142513831119663,0.0349914966687553,0.00205158096132507,mendeley
2001-10,0.0293038626681125,0.000120520424679086,0.00948990390018419,0.00206819294393794,0.0397780215798864,0.00141947460094902,,,,,,,,,,,,,,,,,,,,,,,,0.00141947460094902,0.0397780215798864,0.00206819294393794,mendeley
2001-11,0.0238193824457795,0.00120461937022873,0.00814998036641043,0.000812107889008289,0.0206179410535896,0.0026594743832986,,,,,,,,,,,,,,,,,,,,,,,,0.0026594743832986,0.0206179410535896,0.000812107889008289,mendeley
2001-12,0.0188488278493088,0.00283872282544002,0.0126466312266607,0.000322078209472693,0.00977571742513201,0.000191305746677443,,,,,,,,,,,,,,,,,,,,,,,,0.000191305746677443,0.00977571742513201,0.000322078209472693,mendeley
2002-01,0.00845618144191191,0.00821214013792768,0.00574993709990721,0.00175886426179937,0.00633876829794004,1.39751131085859e-05,,,,,,,,,,,,,,,,,,,,,,,,1.39751131085859e-05,0.00633876829794004,0.00175886426179937,mendeley
2002-02,0.00322858148082712,0.00384241742154792,0.00181948995114317,0.000482011075455603,0.0031838813694427,0.000119494438891024,,,,,,,,,,,,,,,,,,,,,,,,0.000119494438891024,0.0031838813694427,0.000482011075455603,mendeley
2002-03,0.000320275347758098,0.00017280496393581,0.00220422312356908,0.00109184615252029,0.0134559085670219,0.000166948338638633,,,,,,,,,,,,,,,,,,,,,,,,0.000166948338638633,0.0134559085670219,0.00109184615252029,mendeley
2002-04,0.000109019725305027,0.000463329525041615,0.0078061506107484,0.000851828420624749,0.0214672688036947,0.00114273093755253,,,,,,,,,,,,,,,,,,,,,,,,0.00114273093755253,0.0214672688036947,0.000851828420624749,mendeley
2002-05,0.000127056058195419,6.54893641723788e-05,0.0125402659609653,0.00162308812864569,0.0160447298400981,0.00297197532968693,,,,,,,,,,,,,,,,,,,,,,,,0.00297197532968693,0.0160447298400981,0.00162308812864569,mendeley
2002-06,1.20575612227185e-05,6.77135818392571e-06,0.00195754979501336,0.00168779425341586,0.024947298686638,0.00601227429962114,,,,,,,,,,,,,,,,,,,,,,,,0.00601227429962114,0.024947298686638,0.00168779425341586,mendeley
2002-07,6.38010078400342e-05,0.0,0.00165771963743458,0.00228267001782513,0.0472800911028251,0.00652279910446124,,,,,,,,,,,,,,,,,,,,,,,,0.00652279910446124,0.0472800911028251,0.00228267001782513,mendeley
2002-08,0.000124782186134254,1.55246236377238e-05,0.00622884336826238,0.00201330186179445,0.0193487517181052,0.00299893367386063,,,,,,,,,,,,,,,,,,,,,,,,0.00299893367386063,0.0193487517181052,0.00201330186179445,mendeley
2002-09,3.96452420629601e-06,7.34305046117356e-06,0.0195040822059861,0.000430920721283641,0.0307488392435136,0.0010141043049452,,,,,,,,,,,,,,,,,,,,,,,,0.0010141043049452,0.0307488392435136,0.000430920721283641,mendeley
2002-10,0.000197518017417067,5.93435181592221e-05,0.017013829650848,0.00182990788460492,0.0348870028250557,0.0117723417931151,,,,,,,,,,,,,,,,,,,,,,,,0.0117723417931151,0.0348870028250557,0.00182990788460492,mendeley
2002-11,0.000270435461653655,4.2903410048325e-06,0.0088551054422818,0.000276290116905408,0.0266303004146113,0.00232020610226006,,,,,,,,,,,,,,,,,,,,,,,,0.00232020610226006,0.0266303004146113,0.000276290116905408,mendeley
2002-12,0.000801272168133139,0.000194115206407014,0.000877070324749404,0.000319097797055941,0.00739037551388247,9.76089892077425e-06,,,,,,,,,,,,,,,,,,,,,,,,9.76089892077425e-06,0.00739037551388247,0.000319097797055941,mendeley
2003-01,5.37982597751352e-06,0.00015691769495313,0.0,7.10956634492277e-06,0.00495723297355032,6.1327673531359e-05,,,,,,,,,,,,,,,,,,,,,,,,6.1327673531359e-05,0.00495723297355032,7.10956634492277e-06,mendeley
2003-02,0.000151926620989684,0.000137797404752533,0.000424386241358718,0.000201855949338572,0.00827923079036422,0.000312547047426961,,,,,,,,,,,,,,,,,,,,,,,,0.000312547047426961,0.00827923079036422,0.000201855949338572,mendeley
2003-03,6.0246207149703e-05,3.96157296104889e-05,0.000363045373420732,0.000189915487061864,0.0442759193321434,0.00629140624389028,,,,,,,,,,,,,,,,,,,,,,,,0.00629140624389028,0.0442759193321434,0.000189915487061864,mendeley
2003-04,0.000121628516679095,9.03784237161811e-05,0.00405168266176031,0.000652999146359093,0.0200853776302899,0.00984929613309215,,,,,,,,,,,,,,,,,,,,,,,,0.00984929613309215,0.0200853776302899,0.000652999146359093,mendeley
2003-05,8.00706321242615e-05,5.17686815211391e-05,0.00751305187842178,0.00158302073094319,0.026361455069855,0.0308662001961754,,,,,,,,,,,,,,,,,,,,,,,,0.0308662001961754,0.026361455069855,0.00158302073094319,mendeley
2003-06,6.51584250522355e-05,1.24273068579743e-05,0.00281081943365541,0.00113757148288875,0.0196471891852572,0.0372623225717933,,,,,,,,,,,,,,,,,,,,,,,,0.0372623225717933,0.0196471891852572,0.00113757148288875,mendeley
2003-07,0.000572421546918449,3.11964272927341e-05,0.00689937173332714,0.000591553068309167,0.0324233508005591,0.0176187360394623,,,,,,,,,,,,,,,,,,,,,,,,0.0176187360394623,0.0324233508005591,0.000591553068309167,mendeley
2003-08,0.0022962946845958,2.32259216195985e-06,0.00543381477775257,0.0010772477227066,0.0394226007051587,0.0151409300068747,,,,,,,,,,,,,,,,,,,,,,,,0.0151409300068747,0.0394226007051587,0.0010772477227066,mendeley
2003-09,0.00823559995245655,0.0,0.00730755268832265,0.000674775796155748,0.0456302169408368,0.00270741637824503,,,,,,,,,,,,,,,,,,,,,,,,0.00270741637824503,0.0456302169408368,0.000674775796155748,mendeley
2003-10,0.0846736795945493,0.0,0.0165850288373133,0.00036168267003379,0.273205365453455,0.00406266138050369,,,,,,,,,,,,,,,,,,,,,,,,0.00406266138050369,0.273205365453455,0.00036168267003379,mendeley
2003-11,0.248546053691488,0.00476247751473364,0.0274347608718361,0.000848359621241102,0.02793092976274,0.00676432257307903,,,,,,,,,,,,,,,,,,,,,,,,0.00676432257307903,0.02793092976274,0.000848359621241102,mendeley
2003-12,0.153791642579627,0.0329143901405511,0.00624005783696704,0.00201353776895616,0.00972259531692741,0.000650392984269736,,,,,,,,,,,,,,,,,,,,,,,,0.000650392984269736,0.00972259531692741,0.00201353776895616,mendeley
2004-01,0.068044950433175,0.0678937978038384,0.00221304115653189,0.000808605419977447,0.0145877579267825,2.73883277759524e-05,,,,,,,,,,,,,,,,,,,,,,,,2.73883277759524e-05,0.0145877579267825,0.000808605419977447,mendeley
2004-02,0.000517511223408036,0.0391627634038297,0.0020568960207393,0.00293639833084552,0.0206860598163072,7.94875617443438e-05,,,,,,,,,,,,,,,,,,,,,,,,7.94875617443438e-05,0.0206860598163072,0.00293639833084552,mendeley
2004-03,0.000611543584311974,0.00883950203388159,0.00506142795138869,0.00173770533390952,0.0455156584881734,0.00749660016764003,,,,,,,,,,,,,,,,,,,,,,,,0.00749660016764003,0.0455156584881734,0.00173770533390952,mendeley
2004-04,3.10974976640352e-05,0.000458314992616636,0.00253129757968699,0.000496856257340404,0.0211089118560988,0.0242982824818573,,,,,,,,,,,,,,,,,,,,,,,,0.0242982824818573,0.0211089118560988,0.000496856257340404,mendeley
2004-05,2.28659387345473e-05,0.000124909733017034,0.00305905642628052,0.000411240999974993,0.00659903492632493,0.0250297148133207,,,,,,,,,,,,,,,,,,,,,,,,0.0250297148133207,0.00659903492632493,0.000411240999974993,mendeley
2004-06,4.10999861657068e-05,0.0,0.000660264609618309,0.000389745266614497,0.00587530551186581,0.0538462818982825,,,,,,,,,,,,,,,,,,,,,,,,0.0538462818982825,0.00587530551186581,0.000389745266614497,mendeley
2004-07,0.000709502420144993,2.85044043446092e-05,0.00563619831522809,0.000217073377335197,0.0102194321134707,0.0806290964978948,,,,,,,,,,,,,,,,,,,,,,,,0.0806290964978948,0.0102194321134707,0.000217073377335197,mendeley
2004-08,0.00164130357790248,5.48508967113861e-05,0.0195287597959918,0.00059989095103496,0.00553077147533483,0.00117785505030863,,,,,,,,,,,,,,,,,,,,,,,,0.00117785505030863,0.00553077147533483,0.00059989095103496,mendeley
2004-09,0.000230791422599523,3.13951576976423e-05,0.0106725821138662,0.000556123847099173,0.0153349385448851,0.00180001560052382,,,,,,,,,,,,,,,,,,,,,,,,0.00180001560052382,0.0153349385448851,0.000556123847099173,mendeley
2004-10,0.000669590552328756,4.28196510656886e-05,0.00663066654311191,0.000522679344188006,0.0116971472240453,6.33674914353293e-05,,,,,,,,,,,,,,,,,,,,,,,,6.33674914353293e-05,0.0116971472240453,0.000522679344188006,mendeley
2004-11,9.13759583279594e-05,4.79419911943779e-05,0.00185917868532572,0.00041604293494801,0.0344046671976041,0.0128326717470769,,,,,,,,,,,,,,,,,,,,,,,,0.0128326717470769,0.0344046671976041,0.00041604293494801,mendeley
2004-12,0.000708632831996567,6.64160563844387e-05,0.000305195208565067,6.75097543474097e-05,0.0734651044923195,0.0,,,,,,,,,,,,,,,,,,,,,,,,0.0,0.0734651044923195,6.75097543474097e-05,mendeley
2005-01,0.000213840491556532,0.000251048574051367,0.000645519792227393,5.57923680247825e-05,0.011222315912622,0.0,,,,,,,,,,,,,,,,,,,,,,,,0.0,0.011222315912622,5.57923680247825e-05,mendeley
2005-02,0.0,0.000160443081500141,0.00175847148207307,0.000324745318849109,0.050976174725649,0.0026991439431124,,,,,,,,,,,,,,,,,,,,,,,,0.0026991439431124,0.050976174725649,0.000324745318849109,mendeley
2005-03,7.95125538530783e-08,7.97538559301358e-05,0.00122185635805434,0.000126661700581678,0.0284429420768514,0.0348343396748121,,,,,,,,,,,,,,,,,,,,,,,,0.0348343396748121,0.0284429420768514,0.000126661700581678,mendeley
2005-04,4.99491746097647e-07,0.00025792531899495,0.00106121232078934,9.91551929123382e-05,0.0483029982562099,0.0759460048265929,,,,,,,,,,,,,,,,,,,,,,,,0.0759460048265929,0.0483029982562099,9.91551929123382e-05,mendeley
2005-05,3.68856447442312e-05,2.32937709126588e-05,0.0137607612746229,0.00104840926372792,0.0331478475981674,0.116278048008778,,,,,,,,,,,,,,,,,,,,,,,,0.116278048008778,0.0331478475981674,0.00104840926372792,mendeley
2005-06,0.00056666511485226,0.000305289974015864,0.00961979315472579,0.00119587937620537,0.00726001701911189,0.168872893406502,,,,,,,,,,,,,,,,,,,,,,,,0.168872893406502,0.00726001701911189,0.00119587937620537,mendeley
2005-07,0.00648542377281806,5.40642606603114e-06,0.0289162107431464,0.00108225974507257,0.0139595747255174,0.116877051438885,,,,,,,,,,,,,,,,,,,,,,,,0.116877051438885,0.0139595747255174,0.00108225974507257,mendeley
2005-08,0.0290687933825189,5.52088745746033e-05,0.0566596406882738,0.00201661029690322,0.053793349991952,0.0463739415173442,,,,,,,,,,,,,,,,,,,,,,,,0.0463739415173442,0.053793349991952,0.00201661029690322,mendeley
2005-09,0.0436326955953619,1.5226731248049e-05,0.0781800523428017,0.000724933063841604,0.053923566843722,0.000327788938062625,,,,,,,,,,,,,,,,,,,,,,,,0.000327788938062625,0.053923566843722,0.000724933063841604,mendeley
2005-10,0.0750446266285255,6.21664215714191e-06,0.0404586590943366,0.00108901540939735,0.0324920542050497,2.7131267865343e-05,,,,,,,,,,,,,,,,,,,,,,,,2.7131267865343e-05,0.0324920542050497,0.00108901540939735,mendeley
2005-11,0.139628782798196,0.000107394655790657,0.0106962067246204,0.000881227684203608,0.106969371780762,5.15843187174596e-05,,,,,,,,,,,,,,,,,,,,,,,,5.15843187174596e-05,0.106969371780762,0.000881227684203608,mendeley
2005-12,0.00518296429644833,0.000133638522678261,0.000400287120376106,0.000427428112155511,0.00871918573837419,0.000234215087692917,,,,,,,,,,,,,,,,,,,,,,,,0.000234215087692917,0.00871918573837419,0.000427428112155511,mendeley
2006-01,2.61318744670973e-05,5.4609368068455e-05,7.92208776942829e-05,2.16644201542522e-05,0.000469246582198457,0.000596300255409716,,,,,,,,,,,,,,,,,,,,,,,,0.000596300255409716,0.000469246582198457,2.16644201542522e-05,mendeley
2006-02,1.79125177562014e-05,0.000248895208231893,0.000262185980644006,0.000303642064305485,0.00271300356360241,0.00120645123681187,,,,,,,,,,,,,,,,,,,,,,,,0.00120645123681187,0.00271300356360241,0.000303642064305485,mendeley
2006-03,2.33897479787402e-05,0.000295800958100466,0.000783149419438132,0.00029438222599174,0.00198264265171498,0.000924687568970562,,,,,,,,,,,,,,,,,,,,,,,,0.000924687568970562,0.00198264265171498,0.00029438222599174,mendeley
2006-04,5.03241186420382e-05,0.000279613567112691,0.000181618641319922,0.00070967108213749,0.0303403824588987,0.0100792184222336,,,,,,,,,,,,,,,,,,,,,,,,0.0100792184222336,0.0303403824588987,0.00070967108213749,mendeley
2006-05,0.000169540914859181,5.66123141231785e-05,0.00136434835328822,0.000514681616899736,0.028535453465113,0.00391015481248022,,,,,,,,,,,,,,,,,,,,,,,,0.00391015481248022,0.028535453465113,0.000514681616899736,mendeley
2006-06,0.000224587905933284,3.14187823205563e-05,0.00231819562326857,0.00394138439294498,0.011100862431097,0.0121567817482178,,,,,,,,,,,,,,,,,,,,,,,,0.0121567817482178,0.011100862431097,0.00394138439294498,mendeley
2006-07,0.0100127764397118,7.23357634569766e-07,0.0147333289168274,0.000430731868367396,0.0540449672474384,0.0108455816957012,,,,,,,,,,,,,,,,,,,,,,,,0.0108455816957012,0.0540449672474384,0.000430731868367396,mendeley
2006-08,0.0531120434929482,0.000288087423399716,0.0592541836726517,0.00123331796270321,0.0411749140632681,0.0051537419394754,,,,,,,,,,,,,,,,,,,,,,,,0.0051537419394754,0.0411749140632681,0.00123331796270321,mendeley
2006-09,0.0515877078694921,2.53535127966629e-05,0.0301985768516231,0.000377625188262243,0.0403724014327427,0.000115058185021521,,,,,,,,,,,,,,,,,,,,,,,,0.000115058185021521,0.0403724014327427,0.000377625188262243,mendeley
2006-10,0.200991378052029,0.000494506788074297,0.0683234365432397,0.000687694839733648,0.0313684906288675,0.000582945971602804,,,,,,,,,,,,,,,,,,,,,,,,0.000582945971602804,0.0313684906288675,0.000687694839733648,mendeley
2006-11,0.473376729149085,0.00929680915216039,0.0646055620363054,0.00113739229002875,0.0157926266829488,9.05795310960365e-05,,,,,,,,,,,,,,,,,,,,,,,,9.05795310960365e-05,0.0157926266829488,0.00113739229002875,mendeley
2006-12,0.457539140906435,0.0255246848931638,0.0321045380860801,0.00010089568911966,0.0110048125295539,0.000357030737246284,,,,,,,,,,,,,,,,,,,,,,,,0.000357030737246284,0.0110048125295539,0.00010089568911966,mendeley
2007-01,0.298972742102735,0.0469692977216788,0.028712072798752,0.00118247827010843,0.00253869889639811,0.00074311261836305,,,,,,,,,,,,,,,,,,,,,,,,0.00074311261836305,0.00253869889639811,0.00118247827010843,mendeley
2007-02,0.00189266214067344,0.0209338219154413,0.002051655386793,0.00267393084869574,0.0177886258902906,0.0127378035523717,,,,,,,,,,,,,,,,,,,,,,,,0.0127378035523717,0.0177886258902906,0.00267393084869574,mendeley
2007-03,0.000532834842174381,0.0049582054763484,0.00141425189485809,0.00199477442464739,0.0278609375431395,0.020801119261176,,,,,,,,,,,,,,,,,,,,,,,,0.020801119261176,0.0278609375431395,0.00199477442464739,mendeley
2007-04,8.13247555410044e-05,0.00086789387176077,0.00140116252674745,0.000878295393972749,0.00732629549793475,0.048248653584476,,,,,,,,,,,,,,,,,,,,,,,,0.048248653584476,0.00732629549793475,0.000878295393972749,mendeley
2007-05,4.22175650470535e-05,0.000124022567484545,0.00128567563355821,0.000375054091393096,0.00384641047729141,0.0364703558112337,,,,,,,,,,,,,,,,,,,,,,,,0.0364703558112337,0.00384641047729141,0.000375054091393096,mendeley
2007-06,0.000249206217495335,8.34111511849187e-05,0.0015815292390495,0.00139602888459484,0.00438255588934351,0.05021137163498,,,,,,,,,,,,,,,,,,,,,,,,0.05021137163498,0.00438255588934351,0.00139602888459484,mendeley
2007-07,0.000654814989820874,1.41327592372988e-05,0.0156337631547172,0.00153252297141157,0.0129304005455845,0.020233839129888,,,,,,,,,,,,,,,,,,,,,,,,0.020233839129888,0.0129304005455845,0.00153252297141157,mendeley
2007-08,0.00228850422702327,5.18166921654029e-06,0.0151841470871435,0.000549819310492694,0.0773491441935672,0.00946670977100882,,,,,,,,,,,,,,,,,,,,,,,,0.00946670977100882,0.0773491441935672,0.000549819310492694,mendeley
2007-09,0.0255294758946051,1.2565038487935e-05,0.0714335059241167,0.000758528064544009,0.0715141313515372,0.00143526397882089,,,,,,,,,,,,,,,,,,,,,,,,0.00143526397882089,0.0715141313515372,0.000758528064544009,mendeley
2007-10,0.144050453735286,0.00101311570151886,0.0631578473253606,0.000835838650010189,0.0779926390227518,0.00552091474828903,,,,,,,,,,,,,,,,,,,,,,,,0.00552091474828903,0.0779926390227518,0.000835838650010189,mendeley
2007-11,0.308536676731922,0.0200404236282164,0.0157876401728992,0.00154125099991346,0.0479734042145007,0.00717065356740997,,,,,,,,,,,,,,,,,,,,,,,,0.00717065356740997,0.0479734042145007,0.00154125099991346,mendeley
2007-12,0.20029330043675,0.0377431042688271,0.0345800540471002,0.00282712315705468,0.0348284295959393,0.000889793559098237,,,,,,,,,,,,,,,,,,,,,,,,0.000889793559098237,0.0348284295959393,0.00282712315705468,mendeley
2008-01,0.115363119091035,0.0475756295092253,0.0135212848089637,0.00593226587631886,0.0338929909466645,0.00064943247058568,,,,,,,,,,,,,,,,,,,,,,,,0.00064943247058568,0.0338929909466645,0.00593226587631886,mendeley
2008-02,0.0302066149626005,0.0793115922209441,0.0358743103834218,0.0134514140338563,0.00852558931645328,0.00430586176234114,,,,,,,,,,,,,,,,,,,,,,,,0.00430586176234114,0.00852558931645328,0.0134514140338563,mendeley
2008-03,0.0494753001518621,0.0566217353282204,0.0463423531423191,0.0244905857172808,0.00329097682294684,0.00179569274815387,,,,,,,,,,,,,,,,,,,,,,,,0.00179569274815387,0.00329097682294684,0.0244905857172808,mendeley
2008-04,0.00753641356891494,0.021832140575962,0.0408792946293312,0.0154704693829664,0.00380030863612382,0.00358490813842205,,,,,,,,,,,,,,,,,,,,,,,,0.00358490813842205,0.00380030863612382,0.0154704693829664,mendeley
2008-05,0.00232983011001823,0.0053648539034382,0.0223835658104266,0.00453493556266383,0.02243366934639,0.00442514103038756,,,,,,,,,,,,,,,,,,,,,,,,0.00442514103038756,0.02243366934639,0.00453493556266383,mendeley
2008-06,0.00359778682018682,0.0110255960317438,0.0187457239685759,0.0040047076005783,0.132540089139514,0.00961666302228788,,,,,,,,,,,,,,,,,,,,,,,,0.00961666302228788,0.132540089139514,0.0040047076005783,mendeley
2008-07,0.0100236122690389,0.00786931483614195,0.0161182305879985,0.0038302947370716,0.038254143913587,0.00839087917585363,,,,,,,,,,,,,,,,,,,,,,,,0.00839087917585363,0.038254143913587,0.0038302947370716,mendeley
2008-08,0.0217233515452082,0.00392269171187075,0.0333587979546063,0.000788028503059412,0.0499949456736394,0.0190360440816945,,,,,,,,,,,,,,,,,,,,,,,,0.0190360440816945,0.0499949456736394,0.000788028503059412,mendeley
2008-09,0.025053741201721,0.000243948067616941,0.0505636953053681,0.00158370265817902,0.05614381698843,0.000614676874816112,,,,,,,,,,,,,,,,,,,,,,,,0.000614676874816112,0.05614381698843,0.00158370265817902,mendeley
2008-10,0.0912341754928582,0.000672300367104448,0.0233717094348251,0.000668834216461164,0.0527830055639852,0.00477294256753095,,,,,,,,,,,,,,,,,,,,,,,,0.00477294256753095,0.0527830055639852,0.000668834216461164,mendeley
2008-11,0.314307191611263,0.0553237506919327,0.00551765421446806,0.00105440267657471,0.0533972150221962,0.0100964098183441,,,,,,,,,,,,,,,,,,,,,,,,0.0100964098183441,0.0533972150221962,0.00105440267657471,mendeley
2008-12,0.249874188187792,0.172122452450579,0.00669169192725581,0.00736632431338065,0.0120346174028878,0.000351423160358664,,,,,,,,,,,,,,,,,,,,,,,,0.000351423160358664,0.0120346174028878,0.00736632431338065,mendeley
2009-01,0.0866449584905171,0.351681724319394,0.010565824409935,0.0119852828754635,0.00683071793504958,0.000849149068723985,,,,,,,,,,,,,,,,,,,,,,,,0.000849149068723985,0.00683071793504958,0.0119852828754635,mendeley
2009-02,0.0109676177911918,0.187595571466088,0.0013941362637763,0.0151551156197608,0.00180909788650196,0.0,,,,,,,,,,,,,,,,,,,,,,,,0.0,0.00180909788650196,0.0151551156197608,mendeley
2009-03,0.000113856888155066,0.0536009341825788,0.00259095122998977,0.00910949160227968,0.00546893721182258,0.00329808053802748,,,,,,,,,,,,,,,,,,,,,,,,0.00329808053802748,0.00546893721182258,0.00910949160227968,mendeley
2009-04,0.000179007218895364,0.0284687749300159,0.00120365662646989,0.0112352415233877,0.00444018111303649,0.0261789985550518,,,,,,,,,,,,,,,,,,,,,,,,0.0261789985550518,0.00444018111303649,0.0112352415233877,mendeley
2009-05,0.000449910344649917,0.0106379699494589,0.00564905434095014,0.00505237309565971,0.0434633653947319,0.0142074424980506,,,,,,,,,,,,,,,,,,,,,,,,0.0142074424980506,0.0434633653947319,0.00505237309565971,mendeley
2009-06,0.0023621832615311,0.0138432217141545,0.00468516411434109,0.00637905364016707,0.0146093758013033,0.0027171732800597,,,,,,,,,,,,,,,,,,,,,,,,0.0027171732800597,0.0146093758013033,0.00637905364016707,mendeley
2009-07,0.00156255733954287,0.00721720495059699,0.00315540068821675,0.00105843342738334,0.00419891382508128,0.000349580211452292,,,,,,,,,,,,,,,,,,,,,,,,0.000349580211452292,0.00419891382508128,0.00105843342738334,mendeley
2009-08,0.00313852061831229,0.00210067120643659,0.00407520388471372,0.000886284606572417,0.0252533878206007,0.000262515482458113,,,,,,,,,,,,,,,,,,,,,,,,0.000262515482458113,0.0252533878206007,0.000886284606572417,mendeley
2009-09,0.00177172763656803,1.14627785110883e-05,0.01886816574772,0.00153644363691047,0.0279521819487199,0.00340888316654542,,,,,,,,,,,,,,,,,,,,,,,,0.00340888316654542,0.0279521819487199,0.00153644363691047,mendeley
2009-10,0.00830432983200176,3.21211187888579e-05,0.00227347910347704,0.00054154383886285,0.0683082224924509,0.0,,,,,,,,,,,,,,,,,,,,,,,,0.0,0.0683082224924509,0.00054154383886285,mendeley
2009-11,0.0671271485900305,0.00201955331458874,0.00349230151277502,0.000209259453065492,0.0310259932339052,0.000310183759702511,,,,,,,,,,,,,,,,,,,,,,,,0.000310183759702511,0.0310259932339052,0.000209259453065492,mendeley
2009-12,0.0499924639939377,0.0125339100374397,0.00538477195385048,0.00105291091273873,0.0111336719539382,0.00010753234301751,,,,,,,,,,,,,,,,,,,,,,,,0.00010753234301751,0.0111336719539382,0.00105291091273873,mendeley
2010-01,0.00345688198742296,0.0292744338428483,0.00112247104124521,0.00039801674393982,0.0105243663240397,0.00296565696097139,,,,,,,,,,,,,,,,,,,,,,,,0.00296565696097139,0.0105243663240397,0.00039801674393982,mendeley
2010-02,0.000356581897616849,0.0272912122472601,0.000747692767315812,0.00197357185215131,0.0189565806555098,0.00531530112924082,,,,,,,,,,,,,,,,,,,,,,,,0.00531530112924082,0.0189565806555098,0.00197357185215131,mendeley
2010-03,0.000158662910295611,0.00881608983263723,0.000454777031459543,0.00236443864324884,0.0132517370841746,0.00629833769163665,,,,,,,,,,,,,,,,,,,,,,,,0.00629833769163665,0.0132517370841746,0.00236443864324884,mendeley
2010-04,0.000119403812052695,0.00536215592205892,0.00067262779157781,0.00177219564414727,0.00909936232682697,0.00766210417433808,,,,,,,,,,,,,,,,,,,,,,,,0.00766210417433808,0.00909936232682697,0.00177219564414727,mendeley
2010-05,0.000316155599874651,0.00120121661055335,0.00255995029020716,0.000806414849062193,0.0488558361836447,0.0219520833360438,,,,,,,,,,,,,,,,,,,,,,,,0.0219520833360438,0.0488558361836447,0.000806414849062193,mendeley
2010-06,0.000331878065056113,0.000408746022479953,0.00361689645947747,0.00107826527407998,0.0173380147724466,0.015301885572598,,,,,,,,,,,,,,,,,,,,,,,,0.015301885572598,0.0173380147724466,0.00107826527407998,mendeley
2010-07,0.000487475027107305,2.8707375660062e-05,0.00141587948055495,0.0001517951747214,0.0464411045904155,0.0138208532332824,,,,,,,,,,,,,,,,,,,,,,,,0.0138208532332824,0.0464411045904155,0.0001517951747214,mendeley
2010-08,6.251518051414e-06,0.00022064142232658,0.000954689300593678,0.00189540989258018,0.0626220137977262,0.00883638602422028,,,,,,,,,,,,,,,,,,,,,,,,0.00883638602422028,0.0626220137977262,0.00189540989258018,mendeley
2010-09,0.000424024088331997,4.65841860882676e-06,0.00176109408458744,0.00133528773799097,0.0208071814593056,0.000572318775350233,,,,,,,,,,,,,,,,,,,,,,,,0.000572318775350233,0.0208071814593056,0.00133528773799097,mendeley
2010-10,0.000459932275838053,3.23836278937506e-05,0.000827671368080456,0.000638209944332516,0.0788126481176411,0.0122337630079596,,,,,,,,,,,,,,,,,,,,,,,,0.0122337630079596,0.0788126481176411,0.000638209944332516,mendeley
2010-11,0.000643281903087697,0.000628026325411236,0.000779015346288457,0.000815484414782475,0.0623655294938133,0.00433998972408013,,,,,,,,,,,,,,,,,,,,,,,,0.00433998972408013,0.0623655294938133,0.000815484414782475,mendeley
2010-12,0.000359256051457294,0.000496311048812039,0.000996574376043157,0.00090234149121364,0.0479665048391537,0.00077212699557694,,,,,,,,,,,,,,,,,,,,,,,,0.00077212699557694,0.0479665048391537,0.00090234149121364,mendeley
2011-01,6.83277826687601e-05,0.00150510785959285,0.000322766028576396,0.000342637285225848,0.00398517773857174,0.00187377041647473,,,,,,,,,,,,,,,,,,,,,,,,0.00187377041647473,0.00398517773857174,0.000342637285225848,mendeley
2011-02,2.81625755117716e-05,0.00151058118672352,0.000525808915686234,0.00082058583418052,0.0592343922185093,0.00150592489896901,,,,,,,,,,,,,,,,,,,,,,,,0.00150592489896901,0.0592343922185093,0.00082058583418052,mendeley
2011-03,8.12111671907019e-05,0.000429403320342717,0.00208361135034996,0.000641168420952262,0.0381204292776096,0.0187436454515361,,,,,,,,,,,,,,,,,,,,,,,,0.0187436454515361,0.0381204292776096,0.000641168420952262,mendeley
2011-04,0.000314978324147198,3.04852987616968e-05,0.000896388013525275,0.000616825513650284,0.187432378193185,0.0271637372775203,,,,,,,,,,,,,,,,,,,,,,,,0.0271637372775203,0.187432378193185,0.000616825513650284,mendeley
2011-05,3.22282867004446e-05,5.64706264315369e-05,0.00820175933953948,0.000281618602374966,0.450989510710586,0.0222413667243109,,,,,,,,,,,,,,,,,,,,,,,,0.0222413667243109,0.450989510710586,0.000281618602374966,mendeley
2011-06,2.9307036076176e-05,2.03110622565816e-05,0.00330993906512671,0.000920469836866275,0.824730352745612,0.0162774925921762,,,,,,,,,,,,,,,,,,,,,,,,0.0162774925921762,0.824730352745612,0.000920469836866275,mendeley
2011-07,0.00461042876860955,1.28030261123513e-06,0.00578155207177323,0.0169772969438826,1.05073956963878,0.00130564939034798,,,,,,,,,,,,,,,,,,,,,,,,0.00130564939034798,1.05073956963878,0.0169772969438826,mendeley
2011-08,0.010530098008648,0.00627671951818645,0.00353203234456549,0.109963647742081,0.966468253827884,0.000325522507689378,,,,,,,,,,,,,,,,,,,,,,,,0.000325522507689378,0.966468253827884,0.109963647742081,mendeley
2011-09,0.0239001889154008,0.00916290223875022,0.00534157886827237,0.079590236039432,0.976992631064485,0.000422412384070356,,,,,,,,,,,,,,,,,,,,,,,,0.000422412384070356,0.976992631064485,0.079590236039432,mendeley
2011-10,0.0784166729021413,0.0046461715395826,0.0103488132603832,0.0111638846305206,0.310134153473294,0.00204752788694779,,,,,,,,,,,,,,,,,,,,,,,,0.00204752788694779,0.310134153473294,0.0111638846305206,mendeley
2011-11,0.44244636935545,0.00386064421203677,0.0239060438275475,0.00167863106568538,0.19680156703253,0.00088094134161899,,,,,,,,,,,,,,,,,,,,,,,,0.00088094134161899,0.19680156703253,0.00167863106568538,mendeley
2011-12,0.6441905775041,0.0878304196541253,0.0891902872642022,0.00597575757143297,0.0898893033670254,0.00176591425488245,,,,,,,,,,,,,,,,,,,,,,,,0.00176591425488245,0.0898893033670254,0.00597575757143297,mendeley
2012-01,0.172859702878651,0.251666832993907,0.0374491517314182,0.01499011076323,0.113148590952328,0.000374725318603836,,,,,,,,,,,,,,,,,,,,,,,,0.000374725318603836,0.113148590952328,0.01499011076323,mendeley
2012-02,0.0511033954083886,0.183944058056414,0.00596602482836269,0.00938279935471487,0.233988832763493,0.00250961508590871,,,,,,,,,,,,,,,,,,,,,,,,0.00250961508590871,0.233988832763493,0.00938279935471487,mendeley
2012-03,0.00139976195088586,0.0505745705590958,0.0137810911712873,0.00421298529280384,0.42867134864423,0.0495396044666339,,,,,,,,,,,,,,,,,,,,,,,,0.0495396044666339,0.42867134864423,0.00421298529280384,mendeley
2012-04,0.000523621340383381,0.00824862699616381,0.00765806997682538,0.00444778965259595,0.544976630347843,0.0592448214555969,,,,,,,,,,,,,,,,,,,,,,,,0.0592448214555969,0.544976630347843,0.00444778965259595,mendeley
2012-05,0.000483256939194352,0.00265548864869332,0.00777239020438734,0.00800880650177241,0.98370290871212,0.079093770061662,,,,,,,,,,,,,,,,,,,,,,,,0.079093770061662,0.98370290871212,0.00800880650177241,mendeley
2012-06,0.00105162910517244,0.00215894873855532,0.0407379422777079,0.00276013309171108,1.54509788598025,0.0536121957566379,,,,,,,,,,,,,,,,,,,,,,,,0.0536121957566379,1.54509788598025,0.00276013309171108,mendeley
2012-07,0.00502443393060146,0.0015003200597763,0.0322390819451276,0.0101010995404293,1.49415393809321,0.0493000915922058,,,,,,,,,,,,,,,,,,,,,,,,0.0493000915922058,1.49415393809321,0.0101010995404293,mendeley
2012-08,0.00981948423318068,0.000405836629273757,0.0147614354465632,0.00249995015421467,0.586752924158303,0.0200749849978634,,,,,,,,,,,,,,,,,,,,,,,,0.0200749849978634,0.586752924158303,0.00249995015421467,mendeley
2012-09,0.0346527714583316,0.00194538147636869,0.0138293157963582,0.00363229901444041,0.318057936068686,0.000496079099432293,,,,,,,,,,,,,,,,,,,,,,,,0.000496079099432293,0.318057936068686,0.00363229901444041,mendeley
2012-10,0.0864103925387759,0.000285144110623293,0.0167906492739823,0.00103381225935391,0.186393518977219,0.000479616803816775,,,,,,,,,,,,,,,,,,,,,,,,0.000479616803816775,0.186393518977219,0.00103381225935391,mendeley
2012-11,0.28038750776397,0.00199505750901546,0.00676935804116565,0.00091465254534296,0.0659229487140241,0.00192724600745869,,,,,,,,,,,,,,,,,,,,,,,,0.00192724600745869,0.0659229487140241,0.00091465254534296,mendeley
2012-12,0.402162253943406,0.037991586012239,0.000585910967868678,0.000414938395621363,0.0417786104194011,0.000830867152762863,,,,,,,,,,,,,,,,,,,,,,,,0.000830867152762863,0.0417786104194011,0.000414938395621363,mendeley
2013-01,0.000619072894028331,0.0788445918597547,0.000151709276592513,0.00115243358595361,0.0090319312506486,0.000101520541851256,,,,,,,,,,,,,,,,,,,,,,,,0.000101520541851256,0.0090319312506486,0.00115243358595361,mendeley
2013-02,0.000314158081689115,0.0736082260844262,0.000570981318840566,0.00502042433442785,0.0118110381364427,0.0,,,,,,,,,,,,,,,,,,,,,,,,0.0,0.0118110381364427,0.00502042433442785,mendeley
2013-03,0.000131274600561712,0.0212546946004666,0.00250315795863401,0.00894664863482066,0.0564828406954007,0.00035621543456881,,,,,,,,,,,,,,,,,,,,,,,,0.00035621543456881,0.0564828406954007,0.00894664863482066,mendeley
2013-04,0.000760645217839606,0.0090386728957439,0.00318827778654362,0.00344048481587861,0.0432182799980715,0.074421961223215,,,,,,,,,,,,,,,,,,,,,,,,0.074421961223215,0.0432182799980715,0.00344048481587861,mendeley
2013-05,0.000416851347125707,0.00448248560856575,0.00194424048237363,0.00162833219096122,0.0550531456171432,0.0267529952237663,,,,,,,,,,,,,,,,,,,,,,,,0.0267529952237663,0.0550531456171432,0.00162833219096122,mendeley
2013-06,0.00016095186139246,0.000354519806678226,0.00640295589022148,0.000188843284642502,0.0163644452915059,0.0564774452010648,,,,,,,,,,,,,,,,,,,,,,,,0.0564774452010648,0.0163644452915059,0.000188843284642502,mendeley
2013-07,0.000164589742488705,0.000261440042184518,0.00115895529742562,0.000688336062885966,0.0244909691507501,0.0149907588665782,,,,,,,,,,,,,,,,,,,,,,,,0.0149907588665782,0.0244909691507501,0.000688336062885966,mendeley
2013-08,9.5037749163339e-05,3.36637180170101e-05,0.000340113798024795,0.000176584377984071,0.0378534755041903,0.0117317008447721,,,,,,,,,,,,,,,,,,,,,,,,0.0117317008447721,0.0378534755041903,0.000176584377984071,mendeley
2013-09,0.00073375251607937,1.42001744222853e-06,0.00105155558264195,0.000380645599576468,0.0336802699207647,0.00439317426489119,,,,,,,,,,,,,,,,,,,,,,,,0.00439317426489119,0.0336802699207647,0.000380645599576468,mendeley
2013-10,0.000573356707652707,1.38564358369759e-05,0.00208711585447302,0.00103593156788829,0.0213125455089688,0.0178960331299735,,,,,,,,,,,,,,,,,,,,,,,,0.0178960331299735,0.0213125455089688,0.00103593156788829,mendeley
2013-11,0.00606138994072245,0.000692788166644164,0.00699149744401534,0.00020700301358562,0.0307540794437167,0.0236719618114129,,,,,,,,,,,,,,,,,,,,,,,,0.0236719618114129,0.0307540794437167,0.00020700301358562,mendeley
2013-12,0.00818858254443329,0.00253814514039313,0.00178841567649423,0.000150865865690765,0.0121936512406342,0.00152230737005407,,,,,,,,,,,,,,,,,,,,,,,,0.00152230737005407,0.0121936512406342,0.000150865865690765,mendeley
2014-01,0.00925361271367218,0.00539401771178047,0.000704161421381457,0.000551146444158228,0.0201477730549218,0.0252140778457221,,,,,,,,,,,,,,,,,,,,,,,,0.0252140778457221,0.0201477730549218,0.000551146444158228,mendeley
2014-02,0.0155521624304027,0.0144677602897054,0.0059669533303414,0.00127037857391514,0.0150735380834823,0.088320894693166,,,,,,,,,,,,,,,,,,,,,,,,0.088320894693166,0.0150735380834823,0.00127037857391514,mendeley
2014-03,0.00342813285188747,0.007916917282029,0.00576820116367395,0.0011333366085426,0.449357221459469,0.251415417963669,,,,,,,,,,,,,,,,,,,,,,,,0.251415417963669,0.449357221459469,0.0011333366085426,mendeley
2014-04,0.00136547869758338,0.00213461186635083,0.0153784658928843,0.00128730117736182,0.93233958219649,0.603433147487216,,,,,,,,,,,,,,,,,,,,,,,,0.603433147487216,0.93233958219649,0.00128730117736182,mendeley
2014-05,0.00289877158187604,0.000550150542686218,0.0138473521707611,0.000608626846538023,2.39832594730634,1.29407016593407,,,,,,,,,,,,,,,,,,,,,,,,1.29407016593407,2.39832594730634,0.000608626846538023,mendeley
2014-06,0.00321648636749882,0.000133651763913122,0.0090707621923773,0.000445949520402422,2.99379432807875,0.466262555132536,,,,,,,,,,,,,,,,,,,,,,,,0.466262555132536,2.99379432807875,0.000445949520402422,mendeley
2014-07,0.00456296237452073,0.000162316129953844,0.0177660370595532,0.00530012143888536,2.79899983610611,0.31998834744694,,,,,,,,,,,,,,,,,,,,,,,,0.31998834744694,2.79899983610611,0.00530012143888536,mendeley
2014-08,0.0217158318874614,0.000116668610542149,0.0418111699471863,0.0270579831330786,2.85236792828949,0.0871919306794962,,,,,,,,,,,,,,,,,,,,,,,,0.0871919306794962,2.85236792828949,0.0270579831330786,mendeley
2014-09,0.0862086909725211,0.000508343356750402,0.104745675384058,0.128065739085027,2.89482037546253,0.00410078269460217,,,,,,,,,,,,,,,,,,,,,,,,0.00410078269460217,2.89482037546253,0.128065739085027,mendeley
2014-10,0.335534479707455,0.00579506303330338,0.134380778381527,0.114446255235874,2.05978762825295,0.0157209814533993,,,,,,,,,,,,,,,,,,,,,,,,0.0157209814533993,2.05978762825295,0.114446255235874,mendeley
2014-11,0.319488712071594,0.0198010364676306,0.0214318371062745,0.0854105784831088,0.874139624337899,0.0160795834237771,,,,,,,,,,,,,,,,,,,,,,,,0.0160795834237771,0.874139624337899,0.0854105784831088,mendeley
2014-12,0.161494455717431,0.0736205354744084,0.00419643777944707,0.0825250131790796,1.15898093537107,0.0146618355659144,,,,,,,,,,,,,,,,,,,,,,,,0.0146618355659144,1.15898093537107,0.0825250131790796,mendeley
2015-01,0.0369617000819604,0.0365338959826222,0.00219855371730119,0.0216233811402645,1.22098300254589,0.00440227286017329,,,,,,,,,,,,,,,,,,,,,,,,0.00440227286017329,1.22098300254589,0.0216233811402645,mendeley
2015-02,0.000453166766872997,0.00222799209900096,0.000217581916295103,0.0059136486506952,1.87512927940315,0.00207877166900473,,,,,,,,,,,,,,,,,,,,,,,,0.00207877166900473,1.87512927940315,0.0059136486506952,mendeley
2015-03,0.000123416353967939,0.00102757264504687,0.0014575602442201,0.00760918972576095,2.83105577516177,0.000250390152059623,,,,,,,,,,,,,,,,,,,,,,,,0.000250390152059623,2.83105577516177,0.00760918972576095,mendeley
2015-04,0.00015707000843485,0.000344081210274361,0.00565535973071474,0.00677881225309601,3.01359006590969,0.000205223395732425,,,,,,,,,,,,,,,,,,,,,,,,0.000205223395732425,3.01359006590969,0.00677881225309601,mendeley
2015-05,0.0002076090885976,0.000204798960429819,0.00129507217169488,0.120432234078749,4.96908762124866,0.000492953330014288,,,,,,,,,,,,,,,,,,,,,,,,0.000492953330014288,4.96908762124866,0.120432234078749,mendeley
2015-06,0.000390640906035316,0.00229096864667141,0.00526349683736709,0.178557511106969,6.07758131256634,0.00175142699674331,,,,,,,,,,,,,,,,,,,,,,,,0.00175142699674331,6.07758131256634,0.178557511106969,mendeley
2015-07,0.000395706671258211,0.0102782189688994,0.0147588273464852,0.267632044814916,7.79090315595276,0.00428291343743564,,,,,,,,,,,,,,,,,,,,,,,,0.00428291343743564,7.79090315595276,0.267632044814916,mendeley
2015-08,0.000223619345804991,0.0364217197613155,0.0345786878893817,0.354095478362376,6.18457119514209,0.00968913348042283,,,,,,,,,,,,,,,,,,,,,,,,0.00968913348042283,6.18457119514209,0.354095478362376,mendeley
2015-09,0.00011386898866666,0.043688515039681,0.00381596256752338,0.352586275158093,4.06827451449604,0.00491193745817492,,,,,,,,,,,,,,,,,,,,,,,,0.00491193745817492,4.06827451449604,0.352586275158093,mendeley
2015-10,0.000138394067295539,0.00493460915136461,0.000766011450959347,0.0492521793757252,1.94962515323213,0.00905753938837523,,,,,,,,,,,,,,,,,,,,,,,,0.00905753938837523,1.94962515323213,0.0492521793757252,mendeley
2015-11,0.000450137836072052,0.00281736352079997,0.00164504310292512,0.0174668988575761,0.911214126652687,0.0140884228568986,,,,,,,,,,,,,,,,,,,,,,,,0.0140884228568986,0.911214126652687,0.0174668988575761,mendeley
2015-12,0.000231278558549906,0.00100637867916786,0.000409108746596587,0.0064426522191535,0.673093540720671,0.00041271010946808,,,,,,,,,,,,,,,,,,,,,,,,0.00041271010946808,0.673093540720671,0.0064426522191535,mendeley
2016-01,4.1871386564992e-05,0.000286206125916031,6.77669686647278e-05,0.0016557494801516,0.658587849019289,0.0,,,,,,,,,,,,,,,,,,,,,,,,0.0,0.658587849019289,0.0016557494801516,mendeley
2016-02,0.000620239378279265,0.000119750468193658,6.81958613663483e-05,0.00119544224538105,0.105873931291149,0.000207152049749546,,,,,,,,,,,,,,,,,,,,,,,,0.000207152049749546,0.105873931291149,0.00119544224538105,mendeley
2016-03,0.000769907356004151,0.000124517023899297,0.000208584084060078,0.0019869163405357,0.167133470063251,0.00133092992931518,,,,,,,,,,,,,,,,,,,,,,,,0.00133092992931518,0.167133470063251,0.0019869163405357,mendeley
2016-04,0.000112429648154915,8.90722276410401e-05,0.0015848215175443,0.0020385917879358,0.272734335820501,0.00795802311661827,,,,,,,,,,,,,,,,,,,,,,,,0.00795802311661827,0.272734335820501,0.0020385917879358,mendeley
2016-05,5.89960024769089e-05,0.000124886449975079,0.00860819492362989,0.000449045658275395,0.392439094370718,0.000166676990283378,,,,,,,,,,,,,,,,,,,,,,,,0.000166676990283378,0.392439094370718,0.000449045658275395,mendeley
2016-06,0.000189686989426303,6.67948021157372e-05,0.00257851979916413,0.00118846186362437,1.03864495217985,0.000111497482030671,,,,,,,,,,,,,,,,,,,,,,,,0.000111497482030671,1.03864495217985,0.00118846186362437,mendeley
2016-07,0.000133717546578341,4.383930572296e-05,0.00943507722624411,0.000662156866153438,1.33679380429773,1.49082147627837e-05,,,,,,,,,,,,,,,,,,,,,,,,1.49082147627837e-05,1.33679380429773,0.000662156866153438,mendeley
2016-08,0.000122542699525734,8.75580863769301e-05,0.00211552348164779,0.00131708879862765,1.02474997213809,0.000462732067541239,,,,,,,,,,,,,,,,,,,,,,,,0.000462732067541239,1.02474997213809,0.00131708879862765,mendeley
2016-09,9.96998612417137e-05,5.80970875833202e-05,0.00117401122622966,0.000919427447161819,1.26997415298681,0.000426582933187134,,,,,,,,,,,,,,,,,,,,,,,,0.000426582933187134,1.26997415298681,0.000919427447161819,mendeley
2016-10,0.000584960222939944,0.00011461392161371,0.00284659265865687,0.00243289949876765,0.987400923464773,0.000990744915245003,,,,,,,,,,,,,,,,,,,,,,,,0.000990744915245003,0.987400923464773,0.00243289949876765,mendeley
2016-11,0.00151122658651696,0.00101992153721681,0.000368180670416365,0.000142017978682958,0.220683991829361,0.00107771490899108,,,,,,,,,,,,,,,,,,,,,,,,0.00107771490899108,0.220683991829361,0.000142017978682958,mendeley
2016-12,0.000262791919767011,0.00054878664221814,1.533953574517e-05,0.000434430938049552,0.265160198433552,0.0,,,,,,,,,,,,,,,,,,,,,,,,0.0,0.265160198433552,0.000434430938049552,mendeley
2017-01,0.000437642373606593,0.000568957865705808,0.000288635434202256,0.00139923992934486,0.884795583759338,0.00031546567704067,,,,,,,,,,,,,,,,,,,,,,,,0.00031546567704067,0.884795583759338,0.00139923992934486,mendeley
2017-02,7.33793571699764e-05,0.000200154306732536,0.000642481048585733,0.000359618260087212,0.853163186750207,0.00235453319516142,,,,,,,,,,,,,,,,,,,,,,,,0.00235453319516142,0.853163186750207,0.000359618260087212,mendeley
2017-03,0.000366979952701627,0.000258853396281896,0.00188478073827877,0.000218044403450749,0.880468774809077,0.00301601324762925,,,,,,,,,,,,,,,,,,,,,,,,0.00301601324762925,0.880468774809077,0.000218044403450749,mendeley
2017-04,0.000256472168331108,0.000249742776840385,0.00551191079719486,0.00399635799736614,1.72349487251324,0.0361085782895985,,,,,,,,,,,,,,,,,,,,,,,,0.0361085782895985,1.72349487251324,0.00399635799736614,mendeley
2017-05,0.000867112600117839,0.00039052913114601,0.00428098552738333,0.0399053521885786,2.19205626605407,0.0207488140633183,,,,,,,,,,,,,,,,,,,,,,,,0.0207488140633183,2.19205626605407,0.0399053521885786,mendeley
2017-06,0.00105975035081368,0.000793286335659138,0.000867863569525497,0.0913322805978065,4.6488695463088,0.00382592361130951,,,,,,,,,,,,,,,,,,,,,,,,0.00382592361130951,4.6488695463088,0.0913322805978065,mendeley
2017-07,0.00303375365702958,0.00531902878974837,0.00688631746270773,0.201201611612167,4.1203888478501,0.000384117902051724,,,,,,,,,,,,,,,,,,,,,,,,0.000384117902051724,4.1203888478501,0.201201611612167,mendeley
2017-08,0.000582599340410241,0.0124801677793849,0.00849282085462535,0.227584553298626,3.47519298089113,5.75075690657343e-05,,,,,,,,,,,,,,,,,,,,,,,,5.75075690657343e-05,3.47519298089113,0.227584553298626,mendeley
2017-09,0.00034907913994391,0.0106041490698169,0.00352714256170439,0.0577700683817035,3.38425128402107,0.000363222521937729,,,,,,,,,,,,,,,,,,,,,,,,0.000363222521937729,3.38425128402107,0.0577700683817035,mendeley
2017-10,0.00307512615613593,0.0016527453645073,0.00396646329048699,0.0189884584585194,1.11539735575305,0.00401278780280814,,,,,,,,,,,,,,,,,,,,,,,,0.00401278780280814,1.11539735575305,0.0189884584585194,mendeley
2017-11,0.011009511902159,0.00286371158998955,0.00208786851808462,0.030008756457529,1.17292520739281,0.00401797286308226,,,,,,,,,,,,,,,,,,,,,,,,0.00401797286308226,1.17292520739281,0.030008756457529,mendeley
2017-12,0.00439310498503009,0.00625993589585812,0.0021426506163816,0.0279583685022025,2.32659975486938,0.0011733082191458,,,,,,,,,,,,,,,,,,,,,,,,0.0011733082191458,2.32659975486938,0.0279583685022025,mendeley
2018-01,0.00151629698717403,0.00653313411193395,0.00057406489470759,0.00828299139905221,5.17400407622149,5.62729596531133e-05,,,,,,,,,,,,,,,,,,,,,,,,5.62729596531133e-05,5.17400407622149,0.00828299139905221,mendeley
2018-02,0.000694779309578883,0.00879278256833882,0.00194379920979382,0.0104574797992196,9.38331405488602,0.0,,,,,,,,,,,,,,,,,,,,,,,,0.0,9.38331405488602,0.0104574797992196,mendeley
2018-03,6.85654598010075e-05,0.00599709769784779,0.00329952283216445,0.00960037887568779,8.32894189319484,0.000915167727895962,,,,,,,,,,,,,,,,,,,,,,,,0.000915167727895962,8.32894189319484,0.00960037887568779,mendeley
2018-04,0.000170005363115984,0.00398617649657846,0.00686446557553236,0.062213545849977,9.00480499379021,0.00774741329275197,,,,,,,,,,,,,,,,,,,,,,,,0.00774741329275197,9.00480499379021,0.062213545849977,mendeley
2018-05,0.000547476954183896,0.00514695758677462,0.00782777093078731,0.401163565667525,10.9207281509854,0.00600966223271091,,,,,,,,,,,,,,,,,,,,,,,,0.00600966223271091,10.9207281509854,0.401163565667525,mendeley
2018-06,0.000393977970259492,0.253670261377336,0.0245320015837572,1.26353630504038,14.086860025949,0.00076360259587841,,,,,,,,,,,,,,,,,,,,,,,,0.00076360259587841,14.086860025949,1.26353630504038,mendeley
2018-07,0.0100107184941087,0.281923491774876,0.0744940633152387,1.02354469664086,10.7423569167192,0.0082472004575032,,,,,,,,,,,,,,,,,,,,,,,,0.0082472004575032,10.7423569167192,1.02354469664086,mendeley
2018-08,0.0372377398858489,0.1287007926471,0.0325856350123228,0.670085012734007,5.92503110591956,0.00114552688189637,,,,,,,,,,,,,,,,,,,,,,,,0.00114552688189637,5.92503110591956,0.670085012734007,mendeley
2018-09,0.00186900255293827,0.0432331329232332,0.0215460973566698,0.247317082126881,3.8367038329184,0.00137711651139011,,,,,,,,,,,,,,,,,,,,,,,,0.00137711651139011,3.8367038329184,0.247317082126881,mendeley
2018-10,0.000699658003073505,0.00763626900605202,0.00497089027217457,0.130516885370681,2.26745911879291,0.00443489476663607,,,,,,,,,,,,,,,,,,,,,,,,0.00443489476663607,2.26745911879291,0.130516885370681,mendeley
2018-11,0.00213113470654542,0.00264230606642645,0.00131378663297261,0.0386638320337531,2.25223122739697,0.00126350845051635,,,,,,,,,,,,,,,,,,,,,,,,0.00126350845051635,2.25223122739697,0.0386638320337531,mendeley
2018-12,0.00314263687094938,0.0078313018680674,0.00158300273191517,0.0225572214458225,3.96336982053519,3.66090035716127e-06,,,,,,,,,,,,,,,,,,,,,,,,3.66090035716127e-06,3.96336982053519,0.0225572214458225,mendeley
2019-01,0.00888524876463064,0.0605666021051571,0.00619749602823758,0.0130116442210552,4.41018088338086,2.48124364598903e-05,,,,,,,,,,,,,,,,,,,,,,,,2.48124364598903e-05,4.41018088338086,0.0130116442210552,mendeley
2019-02,0.0263062356074149,0.146119414284077,0.00387701860506432,0.00881507862326165,2.89390655875893,0.0,,,,,,,,,,,,,,,,,,,,,,,,0.0,2.89390655875893,0.00881507862326165,mendeley
2019-03,0.0662904391656796,0.261305209902123,0.02108365498757,0.0177243612969729,2.4355531114918,0.000405052467991126,,,,,,,,,,,,,,,,,,,,,,,,0.000405052467991126,2.4355531114918,0.0177243612969729,mendeley
2019-04,0.140209855099254,0.234176103873816,0.0533524849235759,0.0269107237109465,3.54328086422527,0.000789969816101792,,,,,,,,,,,,,,,,,,,,,,,,0.000789969816101792,3.54328086422527,0.0269107237109465,mendeley
2019-05,0.106691411162318,0.195811454613747,0.039588384202359,0.0324994767409521,4.74226495487321,0.00125876069768461,,,,,,,,,,,,,,,,,,,,,,,,0.00125876069768461,4.74226495487321,0.0324994767409521,mendeley
2019-06,0.0957953140578364,0.126737786259292,0.0163913804660416,0.131887176215189,6.4808167854843,0.0126789955549382,,,,,,,,,,,,,,,,,,,,,,,,0.0126789955549382,6.4808167854843,0.131887176215189,mendeley
2019-07,0.0255149082594132,0.0458064910699311,0.0203983903739103,0.333570550575879,5.4584145216537,0.00363143968860021,,,,,,,,,,,,,,,,,,,,,,,,0.00363143968860021,5.4584145216537,0.333570550575879,mendeley
2019-08,0.000826165101657425,0.0160411895671482,0.00937553083308572,0.329609954472088,3.946501745156,0.00169376554304121,,,,,,,,,,,,,,,,,,,,,,,,0.00169376554304121,3.946501745156,0.329609954472088,mendeley
2019-09,0.000716472586522549,0.0154842837580001,0.00811900185527284,0.0686548321220399,2.14642527997323,0.000281212526438328,,,,,,,,,,,,,,,,,,,,,,,,0.000281212526438328,2.14642527997323,0.0686548321220399,mendeley
2019-10,0.000252841420245398,0.000160037718743299,0.000530744319997059,0.00429665922105013,0.670394712348844,0.00101773698377201,,,,,,,,,,,,,,,,,,,,,,,,0.00101773698377201,0.670394712348844,0.00429665922105013,mendeley
2019-11,0.000530108652955521,0.00178628955020131,0.00354378629899536,0.00135284214872303,0.246094341399913,1.76475144604922e-05,,,,,,,,,,,,,,,,,,,,,,,,1.76475144604922e-05,0.246094341399913,0.00135284214872303,mendeley
2019-12,0.00014993107551914,0.000852738758243859,0.000775507775346824,0.000620111758799315,0.246994341807917,2.58182414128783e-06,,,,,,,,,,,,,,,,,,,,,,,,2.58182414128783e-06,0.246994341807917,0.000620111758799315,mendeley
2020-01,0.000408163924327571,0.000670807929677863,0.00148715756953531,0.00142567974057476,0.706063192137383,0.0,,,,,,,,,,,,,,,,,,,,,,,,0.0,0.706063192137383,0.00142567974057476,mendeley
2020-02,0.000291795059532321,0.000254735057651628,0.000237125516348442,0.000641702891980458,1.16217577584571,4.67232955459167e-05,,,,,,,,,,,,,,,,,,,,,,,,4.67232955459167e-05,1.16217577584571,0.000641702891980458,mendeley
2020-03,0.00016625418602937,0.000272838922657284,0.000617931466623816,0.000320788404821428,2.61326933736827,4.99384395326459e-05,,,,,,,,,,,,,,,,,,,,,,,,4.99384395326459e-05,2.61326933736827,0.000320788404821428,mendeley
2020-04,1.18891392468719e-05,0.000307410318396791,0.00163787171689197,0.00562322644683857,3.37870178623269,0.0,,,,,,,,,,,,,,,,,,,,,,,,0.0,3.37870178623269,0.00562322644683857,mendeley
2020-05,0.00033580113886668,0.000840730038296908,0.00799709880234573,0.0333906289545113,5.42704993890284,0.00193951086297711,,,,,,,,,,,,,,,,,,,,,,,,0.00193951086297711,5.42704993890284,0.0333906289545113,mendeley
2020-06,0.00029399566012902,0.00089938397573378,0.0194272687940715,0.0971757111161114,8.809041709854,0.000214923119647182,,,,,,,,,,,,,,,,,,,,,,,,0.000214923119647182,8.809041709854,0.0971757111161114,mendeley
2020-07,0.00069077968542492,0.000691788888664746,0.0308400053927212,0.134029066294153,5.10324342552866,0.00379330378897309,,,,,,,,,,,,,,,,,,,,,,,,0.00379330378897309,5.10324342552866,0.134029066294153,mendeley
2020-08,0.00163372931353138,0.00059020888124121,0.00900261008205645,0.06218615218543,2.56750260267735,0.00516274174138206,,,,,,,,,,,,,,,,,,,,,,,,0.00516274174138206,2.56750260267735,0.06218615218543,mendeley
2020-09,6.71266531327888e-05,8.61191066374261e-05,0.00456004299635835,0.0297248024222517,2.82326741045431,0.00344050761872114,,,,,,,,,,,,,,,,,,,,,,,,0.00344050761872114,2.82326741045431,0.0297248024222517,mendeley
2020-10,0.000927374585243143,4.89288072453373e-05,0.00783436925095838,0.00126592927296038,1.31672605352099,0.00331927074610299,,,,,,,,,,,,,,,,,,,,,,,,0.00331927074610299,1.31672605352099,0.00126592927296038,mendeley
2020-11,0.0136593064100259,0.00156982534189615,0.00042860765793867,0.00207931484638516,1.12966736255265,0.00572756702007353,,,,,,,,,,,,,,,,,,,,,,,,0.00572756702007353,1.12966736255265,0.00207931484638516,mendeley
2020-12,0.045914434796853,0.00812126221566607,0.000665594667466493,0.00393776032440274,2.29171816875585,8.11393120332013e-05,,,,,,,,,,,,,,,,,,,,,,,,8.11393120332013e-05,2.29171816875585,0.00393776032440274,mendeley
2021-01,0.0410472707774426,0.0401456179292504,0.000937397670408643,0.00210407976362299,3.85643795229805,0.0,,,,,,,,,,,,,,,,,,,,,,,,0.0,3.85643795229805,0.00210407976362299,mendeley
2021-02,0.014909529559832,0.103013954106998,0.000607994619938838,0.00265372200447152,2.76860790713911,0.000202112724115977,,,,,,,,,,,,,,,,,,,,,,,,0.000202112724115977,2.76860790713911,0.00265372200447152,mendeley
2021-03,0.0480943979241425,0.276117502386659,0.0045209733437819,0.0234615406565159,4.57292061619246,4.5214288134261e-05,,,,,,,,,,,,,,,,,,,,,,,,4.5214288134261e-05,4.57292061619246,0.0234615406565159,mendeley
2021-04,0.0486162507884778,0.270338056917271,0.011631347103952,0.0450806701643704,5.88649407984484,0.00419511461928128,,,,,,,,,,,,,,,,,,,,,,,,0.00419511461928128,5.88649407984484,0.0450806701643704,mendeley
2021-05,0.069917051560459,0.298057253635469,0.0274880155475031,0.439670289942171,10.6218502798454,0.00109408416718455,,,,,,,,,,,,,,,,,,,,,,,,0.00109408416718455,10.6218502798454,0.439670289942171,mendeley
2021-06,0.0654418448168798,0.142349103018069,0.0426662361585998,1.25747222264989,12.841201393957,0.00489744516815316,,,,,,,,,,,,,,,,,,,,,,,,0.00489744516815316,12.841201393957,1.25747222264989,mendeley
2021-07,0.0232051389417684,0.279241977843323,0.0197355405216713,1.28669686513961,9.84249158724931,0.00388881684012617,,,,,,,,,,,,,,,,,,,,,,,,0.00388881684012617,9.84249158724931,1.28669686513961,mendeley
2021-08,0.0142889964143402,0.285499414355289,0.0086318492525858,1.29585850731689,7.05321773595182,0.0113038709910848,,,,,,,,,,,,,,,,,,,,,,,,0.0113038709910848,7.05321773595182,1.29585850731689,mendeley
2021-09,0.00200030161433686,0.0970645404081134,0.00873655870605063,0.547591151083863,4.44608087689121,0.000475043420808092,,,,,,,,,,,,,,,,,,,,,,,,0.000475043420808092,4.44608087689121,0.547591151083863,mendeley
2021-10,0.0013101763014095,0.00347590057036858,0.00523646505903319,0.0316742626723054,1.38567338338135,0.00195484982109238,,,,,,,,,,,,,,,,,,,,,,,,0.00195484982109238,1.38567338338135,0.0316742626723054,mendeley
2021-11,0.00151411971183531,0.00510238084275019,0.000811776659822812,0.0181293231946218,0.782087664670578,0.00443919707574146,,,,,,,,,,,,,,,,,,,,,,,,0.00443919707574146,0.782087664670578,0.0181293231946218,mendeley
2021-12,0.000470290705806105,0.00258204701488988,0.000571765326236074,0.0127557467440879,1.3438289021947,0.00786428717693059,,,,,,,,,,,,,,,,,,,,,,,,0.00786428717693059,1.3438289021947,0.0127557467440879,mendeley
2022-01,0.00039356234452903797,0.000959815156920563,0.000501286776201901,0.00459593866307938,2.90402617900727,0.000534431789748197,,,,,,,,,,,,,,,,,,,,,,,,0.000534431789748197,2.90402617900727,0.00459593866307938,mendeley
2022-02,0.000810416282427862,0.000698186232724665,0.00165012381344336,0.00126112300602095,2.53593740805391,0.0,,,,,,,,,,,,,,,,,,,,,,,,0.0,2.53593740805391,0.00126112300602095,mendeley
2022-03,0.000295195883595197,0.000239992480416607,0.00070017135097109,0.000761388844713352,2.82434848112872,3.73307383012644e-06,,,,,,,,,,,,,,,,,,,,,,,,3.73307383012644e-06,2.82434848112872,0.000761388844713352,mendeley
2022-04,7.85972423462127e-05,0.000574773565814809,0.00737040823305592,0.014359351922691,11.3867391022287,0.00690404580554454,,,,,,,,,,,,,,,,,,,,,,,,0.00690404580554454,11.3867391022287,0.014359351922691,mendeley
2022-05,0.000289958056968253,0.000611806672409578,0.0220996150962309,0.100243422473506,15.924659426569,0.0790981721916686,,,,,,,,,,,,,,,,,,,,,,,,0.0790981721916686,15.924659426569,0.100243422473506,mendeley
2022-06,0.000663732838649371,0.0361014598738147,0.0267551517036687,0.322361213613577,21.5159046072627,0.0576418019076357,,,,,,,,,,,,,,,,,,,,,,,,0.0576418019076357,21.5159046072627,0.322361213613577,mendeley
2022-07,0.00413990847886965,0.0259261712009021,0.0218386247193824,0.497605978275206,13.7335235139498,0.00629902855852457,,,,,,,,,,,,,,,,,,,,,,,,0.00629902855852457,13.7335235139498,0.497605978275206,mendeley
2022-08,0.0183210730294342,0.0546987960716037,0.0108243562771724,0.829424792982912,8.14128197617523,0.00423859195540521,,,,,,,,,,,,,,,,,,,,,,,,0.00423859195540521,8.14128197617523,0.829424792982912,mendeley
2022-09,0.00185795330713975,0.0280021604635535,0.00449721189021235,0.321290625199111,6.6818416441901,0.00215007420350675,,,,,,,,,,,,,,,,,,,,,,,,0.00215007420350675,6.6818416441901,0.321290625199111,mendeley
2022-10,0.0008700994638141,0.0102436222751093,0.00483789998428519,0.052031970480917,2.69641544381612,0.000387194770848737,,,,,,,,,,,,,,,,,,,,,,,,0.000387194770848737,2.69641544381612,0.052031970480917,mendeley
2022-11,0.00023039447143399,0.00396018455130495,0.00251417749273194,0.0472171172846188,1.08656409164549,0.00130509923267906,,,,,,,,,,,,,,,,,,,,,,,,0.00130509923267906,1.08656409164549,0.0472171172846188,mendeley
2022-12,0.00015373942067024,0.0036169242973676,0.00752718614936414,0.0359939392790177,3.95919917897556,0.000541714926009702,,,,,,,,,,,,,,,,,,,,,,,,0.000541714926009702,3.95919917897556,0.0359939392790177,mendeley
2023-01,0.000539439263588945,0.00150737556277822,0.000956938510758498,0.118457540311788,8.39343180241716,0.000834942372643681,,,,,,,,,,,,,,,,,,,,,,,,0.000834942372643681,8.39343180241716,0.118457540311788,mendeley
2023-02,0.000544455057476763,0.00135562015500847,0.00403872314579714,0.0394806383850485,5.90694410700421,0.000196501289681407,,,,,,,,,,,,,,,,,,,,,,,,0.000196501289681407,5.90694410700421,0.0394806383850485,mendeley
2023-03,0.000776873051921122,0.00103416043491303,0.00862668469086313,0.0217939622114873,12.6672043560916,0.00254950814883694,,,,,,,,,,,,,,,,,,,,,,,,0.00254950814883694,12.6672043560916,0.0217939622114873,mendeley
2023-04,0.000902358274549201,0.0019697690986522,0.0127120209387023,0.0844989305719814,10.8253343391991,0.0539679006746533,,,,,,,,,,,,,,,,,,,,,,,,0.0539679006746533,10.8253343391991,0.0844989305719814,mendeley
2023-05,0.000532357047383343,0.00639807054957498,0.0183917955490254,0.193526421652751,9.17572031492952,0.0663315711157496,,,,,,,,,,,,,,,,,,,,,,,,0.0663315711157496,9.17572031492952,0.193526421652751,mendeley
2023-06,0.000415447099771114,0.0934629910251874,0.00593730859594152,0.320313318612362,8.68821797778093,0.00667808500361854,,,,,,,,,,,,,,,,,,,,,,,,0.00667808500361854,8.68821797778093,0.320313318612362,mendeley
2023-07,0.000724749667092501,0.171308903399681,0.00192422328263635,0.477540170090212,4.96535976950577,0.00048962719300016,,,,,,,,,,,,,,,,,,,,,,,,0.00048962719300016,4.96535976950577,0.477540170090212,mendeley
2023-08,0.000326271998320888,0.0486067064206691,0.0049438794982559,0.483661856523355,4.753283557973,0.00629837641125984,,,,,,,,,,,,,,,,,,,,,,,,0.00629837641125984,4.753283557973,0.483661856523355,mendeley
2023-09,0.000230103449562122,0.0129336194223576,0.00136598508923963,0.209238483523935,2.65162217529796,3.32178810985511e-05,,,,,,,,,,,,,,,,,,,,,,,,3.32178810985511e-05,2.65162217529796,0.209238483523935,mendeley
2023-10,0.00021400346869008,0.00049362209530014,0.0011185821983683,0.0198549514478129,0.900124036172348,0.000549901577314188,,,,,,,,,,,,,,,,,,,,,,,,0.000549901577314188,0.900124036172348,0.0198549514478129,mendeley
2023-11,0.0001392650344259,0.00104809805104099,0.00153206315762282,0.00241510589106586,1.62950193796835,0.0,,,,,,,,,,,,,,,,,,,,,,,,0.0,1.62950193796835,0.00241510589106586,mendeley
2023-12,0.000162395628618469,2.0830833152985e-05,6.12732611920137e-05,0.00287868109349412,5.91976656665489,0.0,,,,,,,,,,,,,,,,,,,,,,,,0.0,5.91976656665489,0.00287868109349412,mendeley
2024-01,9.0286491616578e-05,0.000350682037976071,0.0,0.00141267127905678,6.46668396280373,0.0,,,,,,,,,,,,,,,,,,,,,,,,0.0,6.46668396280373,0.00141267127905678,mendeley
2024-02,0.0,0.0,0.0,0.00872247326852877,6.84865724789448,0.0,,,,,,,,,,,,,,,,,,,,,,,,0.0,6.84865724789448,0.00872247326852877,mendeley
2024-03,,,,,,,0.0,,,,,,,0.000616,,,,,SI,,,,,,,,,,,0.000616,,,semar
2024-04,,,,,,,0.0,,,,,,,0.002363,,,,,SI,,,,,,,,,,,0.002363,,,semar
2024-05,,,,,,,3.0,,,,,,,0.0077385,,,,BAJO,SI,,,,,,,,,,,0.0077385,,,semar
2024-06,,,,,,,3.0,,,,,,,0.001198,,,,ESCASO,SI,,,,,,,,,,,0.001198,,,semar
2024-07,,,,,,,0.0,,,,,,,0.001052,,,,ESCASO,SI,,,,,,,,,,,0.001052,,,semar
2024-08,,,,,,,3.0,,,,,,,0.000391,,,,ESCASO,SI,,,,,,,,,,,0.000391,,,semar
2024-09,,,,,,,1.5,,,,,,,0.000402,,,,ESCASO,SI,,,,,,,,,,,0.000402,,,semar
2024-10,,,,,,,0.0,,,,,,,1.9e-05,,,,ESCASO,NO,,,,,,,,,,,1.9e-05,,,semar
2025-03,,,,,,,0.0,,,,,,,0.018142,0.028832,0.04509,0.288751,MUY BAJO,NO,,,,,,,,,,,0.018142,0.288751,0.04509,semar
2025-04,,,,,,,0.0,,,,,,,0.014688,0.009894,0.134211,0.433305,ESCASO,NO,,,,,,,,,,,0.014688,0.433305,0.134211,semar
2025-05,,,,,,,0.0,,,,,,,0.024579,0.064835,0.263129,0.56513,ESCASO,NO,,,,,,,,,,,0.024579,0.56513,0.263129,semar
2025-06,,,,,,,0.0,,,,,,,0.034526,0.05751,0.2680875,0.5648965,ALTO,NO,,,,,,,,,,,0.034526,0.5648965,0.2680875,semar
2025-07,,,,,,,0.0,,,,,,,0.074342,0.099291,0.420697,0.735927,ALTO,NO,,,,,,,,,,,0.074342,0.735927,0.420697,semar
2025-08,,,,,,,2.0,,,,,,,0.038585,0.020617,0.168938,0.116476,MODERADO,NO,11,13,,,,,,,este,este,0.038585,0.116476,0.168938,semar
2025-09,,,,,,,3.0,0.3,0.7,0.35,1.8,1.7,0.5,0.012578,0.014175,0.139976,0.051507,MODERADO,SI,3-6,7-9,norte,norte,norte,noreste,noreste,norte,este,este,0.012578,0.051507,0.139976,semar
2025-10,,,,,,,3.0,0.2,0.2,0.3,1.7,1.5,0.6,0.000135,0.003957,0.018333,0.006702,BAJO,NO,5-7,1-4,sur,norte,norte,noreste,noreste,norte,este,este,0.000135,0.006702,0.018333,semar
2025-11,,,,,,,0.5,0.2,0.6,0.2,1.0,1.05,0.6,3.35e-05,0.000159,0.003018,0.019366,BAJO,NO,10-12,10-12,norte,norte,norte,norte,noreste,norte,este,este,3.35e-05,0.019366,0.003018,semar
2025-12,,,,,,,1.0,0.2,0.4,0.2,1.2,1.1,0.6,4.5e-05,0.002237,0.008467,0.060898,BAJO,NO,10-15,04-07,norte,norte,norte,norte,noreste,norte,noreste,norte,4.5e-05,0.060898,0.008467,semar
2026-01,,,,,,,5.0,0.3,0.7,0.3,1.5,1.1,0.4,0.007131,0.012198,0.0166935,0.129226,BAJO,SI,7-10,6-9,norte,norte,norte,noreste,noreste,norte,norte,norte,0.007131,0.129226,0.0166935,semar
2026-02,,,,,,,6.0,0.4,0.7,0.2,1.2,1.2,0.8,0.009365,0.028475,0.017749,0.251865,BAJO,SI,09-11,8-11,norte,norte,suroeste,noreste,noreste,norte,noreste,noreste,0.009365,0.251865,0.017749,semar
2026-03,,,,,,,6.0,0.4,0.7,0.4,1.3,1.3,0.8,0.017795,0.028949,0.012626,0.184716,MODERADO,SI,11-15,9-11,noroeste,norte,norte,noreste,noreste,norte,este,este,0.017795,0.184716,0.012626,semar
2026-04,,,,,,,6.0,0.6,1.1,0.2,1.6,1.4,0.7,0.0324565,0.0598775,0.138801,0.325413,MUY ALTO,SI,09-11,8-13,norte,norte,oeste,noreste,noreste,norte,este,este,0.0324565,0.325413,0.138801,semar
2026-05,,,,,,,6.0,0.6,1.0,0.3,1.15,1.1,0.6,0.057255,0.078625,0.229109,0.289904,MUY ALTO,SI,16-14,12-17,norte,norte,norte,noreste,noreste,norte,sureste,este,0.057255,0.289904,0.229109,semar
